Player,Age,Tm,G,GS,MP,FG,FGA,FG.,X3P,X3PA,X3P.,X2P,X2PA,X2P.,eFG.,FT,FTA,FT.,ORB,DRB,TRB,AST.x,STL,BLK,TOV,PF,PS.G,AGE,WEIGHT,NETRTG,heightnum
Aaron Brooks,33,MIN,32,1,5.9,0.9,2.2,0.406,0.3,1,0.355,0.5,1.2,0.447,0.486,0.3,0.3,0.727,0.2,0.3,0.5,0.6,0.2,0,0.3,0.9,2.3,33,161,0,72
Aaron Jackson,31,HOU,1,0,35,3,9,0.333,1,4,0.25,2,5,0.4,0.389,1,2,0.5,2,1,3,1,0,0,1,4,8,32,183,-9.8,75
Abdel Nader,24,BOS,48,1,10.9,1,3.1,0.336,0.5,1.4,0.354,0.6,1.8,0.321,0.413,0.5,0.8,0.59,0.3,1.2,1.5,0.5,0.3,0.2,0.7,0.9,3,24,230,-21.6,78
Al Horford,31,BOS,72,72,31.6,5.1,10.5,0.489,1.3,3.1,0.429,3.8,7.3,0.514,0.553,1.3,1.7,0.783,1.4,5.9,7.4,4.7,0.6,1.1,1.8,1.9,12.9,31,245,4.9,72
Al-Farouq Aminu,27,POR,69,67,30,3.3,8.4,0.395,1.8,4.9,0.369,1.5,3.5,0.432,0.503,0.9,1.2,0.738,1.4,6.2,7.6,1.2,1.1,0.6,1.1,2,9.3,27,220,-16.3,81
Alec Burks,26,UTA,64,1,16.5,2.7,6.5,0.411,0.7,2.2,0.331,1.9,4.3,0.452,0.467,1.7,1.9,0.863,0.3,2.7,3,1,0.6,0.1,0.9,1.2,7.7,26,214,1.6,78
Alex Abrines,24,OKC,75,8,15.1,1.5,3.9,0.395,1.1,2.9,0.38,0.4,0.9,0.443,0.54,0.5,0.6,0.848,0.3,1.2,1.5,0.4,0.5,0.1,0.3,1.7,4.7,24,190,8.5,78
Amir Johnson,30,PHI,74,18,15.8,1.9,3.5,0.538,0.1,0.4,0.313,1.8,3.1,0.57,0.558,0.7,1.1,0.612,1.7,2.8,4.5,1.6,0.6,0.6,0.7,2.6,4.6,31,240,6.5,81
Andre Iguodala,34,GSW,64,7,25.3,2.3,5,0.463,0.5,1.8,0.282,1.8,3.2,0.567,0.514,0.9,1.4,0.632,0.8,3.1,3.8,3.3,0.8,0.6,1,1.5,6,34,215,13.6,78
Andrew Wiggins,22,MIN,82,82,36.3,6.9,15.9,0.438,1.4,4.1,0.331,5.6,11.7,0.475,0.481,2.5,3.8,0.643,1,3.4,4.4,2,1.1,0.6,1.7,2,17.7,23,202,-15.4,80
Ante Zizic,21,CLE,32,2,6.7,1.5,2.1,0.731,0,0,NA,1.5,2.1,0.731,0.731,0.7,0.9,0.724,0.8,1.1,1.9,0.2,0.1,0.4,0.3,0.9,3.7,21,250,-3.1,73
Anthony Davis,24,NOP,75,75,36.4,10.4,19.5,0.534,0.7,2.2,0.34,9.7,17.3,0.558,0.552,6.6,8,0.828,2.5,8.6,11.1,2.3,1.5,2.6,2.2,2.1,28.1,25,253,0.4,72
Aron Baynes,31,BOS,81,67,18.3,2.6,5.5,0.471,0,0.3,0.143,2.6,5.2,0.487,0.474,0.7,1,0.756,1.6,3.8,5.4,1.1,0.3,0.6,1,2.5,6,31,260,-1.7,72
Bam Adebayo,20,MIA,69,19,19.8,2.5,4.9,0.512,0,0.1,0,2.5,4.8,0.523,0.512,1.9,2.6,0.721,1.7,3.8,5.5,1.5,0.5,0.6,1,2,6.9,20,255,-11,72
Ben Simmons,21,PHI,81,81,33.7,6.7,12.3,0.545,0,0.1,0,6.7,12.2,0.551,0.545,2.4,4.2,0.56,1.8,6.3,8.1,8.2,1.7,0.9,3.4,2.6,15.8,21,230,-4.5,72
Bojan Bogdanovic,28,IND,80,80,30.8,5.1,10.7,0.474,1.9,4.8,0.402,3.1,5.8,0.534,0.565,2.2,2.6,0.868,0.4,3,3.4,1.5,0.7,0.1,1.3,1.6,14.3,29,230,3.8,80
Bradley Beal,24,WAS,82,82,36.3,8.3,18.1,0.46,2.4,6.5,0.375,5.9,11.6,0.507,0.527,3.6,4.5,0.793,0.7,3.7,4.4,4.5,1.2,0.4,2.6,2,22.6,24,207,-11.6,77
Brandon Jennings,28,MIL,14,0,14.6,1.9,5.1,0.375,0.6,2.4,0.273,1.3,2.8,0.462,0.438,0.7,0.7,1,0.4,1.9,2.2,3.1,0.4,0.3,1.3,0.8,5.2,28,170,13.5,73
Brandon Paul,26,SAS,64,2,9,0.9,2,0.433,0.2,0.8,0.278,0.6,1.1,0.548,0.492,0.3,0.7,0.512,0.1,1,1.1,0.6,0.4,0.1,0.5,0.9,2.3,27,200,65.7,76
Bryn Forbes,24,SAS,80,12,19,2.6,6.2,0.421,1.1,2.9,0.39,1.5,3.4,0.446,0.51,0.6,0.9,0.667,0.2,1.2,1.4,1,0.4,0,0.5,1.4,6.9,24,190,-12,75
Caleb Swanigan,20,POR,27,3,7,0.9,2.2,0.4,0,0.3,0.125,0.9,1.9,0.442,0.408,0.4,0.7,0.667,0.6,1.4,2,0.5,0.2,0.1,0.7,1.4,2.3,21,250,57.1,80
Carmelo Anthony,33,OKC,78,78,32.1,6.1,15,0.404,2.2,6.1,0.357,3.9,8.9,0.437,0.476,1.9,2.5,0.767,0.9,4.9,5.8,1.3,0.6,0.6,1.3,2.5,16.2,33,240,-14.3,80
Cedi Osman,22,CLE,61,12,11,1.5,3,0.484,0.5,1.4,0.368,1,1.6,0.586,0.57,0.4,0.8,0.565,0.3,1.7,2,0.7,0.4,0,0.5,1.3,3.9,23,215,-0.1,80
Cheick Diallo,21,NOP,52,0,11.2,2,3.4,0.58,0,0,NA,2,3.4,0.58,0.58,1,1.3,0.758,0.9,3.2,4.1,0.4,0.2,0.4,0.5,1.6,4.9,21,220,-23.1,81
Chinanu Onuaku,21,HOU,1,0,22,2,5,0.4,0,0,NA,2,5,0.4,0.4,0,0,NA,1,3,4,1,0,0,3,4,4,21,245,-52.4,72
Chris Paul,32,HOU,58,58,31.8,6.3,13.8,0.46,2.5,6.5,0.38,3.8,7.2,0.532,0.55,3.5,3.8,0.919,0.6,4.8,5.4,7.9,1.7,0.2,2.2,2.4,18.6,33,175,5.5,72
Clint Capela,23,HOU,74,74,27.5,6,9.1,0.652,0,0,0,6,9.1,0.653,0.652,1.9,3.5,0.56,3.3,7.6,10.8,0.9,0.8,1.9,1.4,2.5,13.9,24,240,7.7,72
Corey Brewer,31,LAL,54,2,12.9,1.4,3.2,0.453,0.1,0.8,0.186,1.3,2.4,0.543,0.477,0.6,0.9,0.667,0.4,1.3,1.7,0.8,0.8,0.1,0.7,1.5,3.7,32,186,-12.6,81
Corey Brewer,31,TOT,72,18,16.8,2,4.4,0.449,0.4,1.5,0.282,1.5,2.9,0.539,0.498,0.9,1.3,0.722,0.6,1.5,2.1,0.9,1.1,0.2,0.7,1.9,5.3,32,186,-12.6,81
Corey Brewer,31,OKC,18,16,28.6,3.6,8,0.444,1.3,3.7,0.343,2.3,4.3,0.532,0.524,1.7,2.2,0.795,1.1,2.3,3.4,1.3,2.1,0.3,0.6,3.1,10.1,32,186,-12.6,81
Cory Joseph,26,IND,82,17,27,3.1,7.4,0.424,0.8,2.3,0.353,2.3,5,0.457,0.479,0.9,1.1,0.745,0.5,2.7,3.2,3.2,1,0.2,1.1,1.7,7.9,26,190,4.4,75
Dakari Johnson,22,OKC,31,6,5.2,0.7,1.3,0.564,0,0,NA,0.7,1.3,0.564,0.564,0.4,0.6,0.55,0.5,0.6,1.1,0.3,0.2,0.3,0.1,0.9,1.8,22,255,120,84
Damian Jones,22,GSW,15,0,5.9,0.7,1.5,0.5,0,0,NA,0.7,1.5,0.5,0.5,0.2,0.3,0.6,0.3,0.6,0.9,0.1,0.1,0.2,0.3,0.9,1.7,22,245,-72.8,84
Damian Lillard,27,POR,73,73,36.6,8.5,19.4,0.439,3.1,8.6,0.361,5.4,10.8,0.501,0.519,6.8,7.4,0.916,0.8,3.6,4.5,6.6,1.1,0.4,2.8,1.6,26.9,27,195,-14,75
Danny Green,30,SAS,70,60,25.6,3.1,8,0.387,1.7,4.6,0.363,1.4,3.4,0.419,0.49,0.7,0.9,0.769,0.6,3,3.6,1.6,0.9,1.1,1.1,1.7,8.6,30,215,-25.3,78
Dante Exum,22,UTA,14,0,16.8,3,6.2,0.483,0.4,1.3,0.278,2.6,4.9,0.536,0.511,1.8,2.2,0.806,0.3,1.6,1.9,3.1,0.6,0.2,1.4,1.4,8.1,22,190,-8.8,78
Dario Saric,23,PHI,78,73,29.6,5.2,11.4,0.453,2,5.1,0.393,3.2,6.3,0.501,0.541,2.3,2.7,0.86,2,4.7,6.7,2.6,0.7,0.3,1.9,2.1,14.6,24,223,-5.2,72
Darius Miller,27,NOP,82,3,23.7,2.6,5.9,0.444,1.8,4.4,0.411,0.8,1.6,0.535,0.594,0.7,0.8,0.866,0.2,1.8,2,1.4,0.3,0.2,0.7,2,7.8,28,225,2.4,80
Darren Collison,30,IND,69,64,29.2,4.6,9.2,0.495,1.4,3,0.468,3.2,6.3,0.508,0.571,1.8,2.1,0.882,0.5,2,2.6,5.3,1.3,0.2,1.2,1.8,12.4,30,185,2.7,74
David Stockton,26,UTA,3,0,3,0.7,1,0.667,0.7,1,0.667,0,0,NA,1,1.3,1.3,1,0,0,0,0,0,0,0.3,1,3.3,26,165,11.7,61
David West,37,GSW,73,0,13.7,3,5.2,0.571,0,0.1,0.375,2.9,5.1,0.576,0.575,0.8,1.1,0.759,0.9,2.4,3.3,1.9,0.6,1,1.1,1.6,6.8,37,250,1.6,81
Davis Bertans,25,SAS,77,10,14.1,2.1,4.8,0.44,1.2,3.3,0.373,0.9,1.5,0.588,0.568,0.5,0.6,0.816,0.2,1.8,2,1,0.3,0.4,0.5,1.2,5.9,25,210,-2.2,72
DeAndre Liggins,29,TOT,58,4,12.5,0.7,1.8,0.377,0.3,0.9,0.358,0.4,0.9,0.396,0.467,0,0.1,0.4,0.1,1.2,1.3,0.8,0.6,0.2,0.3,1.4,1.7,30,209,-68.5,78
DeAndre Liggins,29,MIL,31,1,15.5,0.7,2.1,0.338,0.4,1.2,0.306,0.4,0.9,0.379,0.423,0.1,0.2,0.4,0.2,1.4,1.6,0.9,0.9,0.3,0.4,2,1.8,30,209,-68.5,78
DeAndre Liggins,29,NOP,27,3,9,0.7,1.5,0.439,0.3,0.6,0.471,0.4,0.9,0.417,0.537,0,0,NA,0.1,0.9,1,0.8,0.4,0.1,0.3,0.7,1.6,30,209,-68.5,78
Dejounte Murray,21,SAS,81,48,21.5,3.3,7.5,0.443,0.1,0.4,0.265,3.2,7.1,0.454,0.451,1.3,1.8,0.709,1.4,4.3,5.7,2.9,1.2,0.4,1.7,1.9,8.1,21,170,-8.7,77
Delon Wright,25,TOR,69,4,20.8,2.9,6.3,0.465,0.8,2.2,0.366,2.1,4,0.52,0.53,1.4,1.7,0.829,0.7,2.2,2.9,2.9,1,0.5,1.1,1.2,8,26,190,-0.7,77
DeMar DeRozan,28,TOR,80,80,33.9,8.1,17.7,0.456,1.1,3.6,0.312,7,14.1,0.493,0.488,5.8,7,0.825,0.7,3.2,3.9,5.2,1.1,0.3,2.2,1.9,23,28,220,-7,79
Derrick Favors,26,UTA,77,77,28,5.1,9.1,0.563,0.2,0.8,0.222,4.9,8.3,0.596,0.573,1.8,2.8,0.651,2.6,4.6,7.2,1.3,0.7,1.1,1.1,2.1,12.3,26,265,7.6,72
Derrick Rose,29,CLE,16,7,19.3,3.6,8.3,0.439,0.4,1.5,0.25,3.3,6.8,0.481,0.462,2.2,2.6,0.854,0.6,1.2,1.8,1.6,0.2,0.3,1.8,0.9,9.8,29,190,-2.3,75
Derrick Rose,29,TOT,25,7,16.8,3.2,7.4,0.435,0.3,1.2,0.233,3,6.2,0.474,0.454,1.6,1.8,0.87,0.5,0.9,1.4,1.5,0.3,0.2,1.4,0.6,8.4,29,190,-2.3,75
Derrick Rose,29,MIN,9,0,12.4,2.6,6,0.426,0.1,0.7,0.167,2.4,5.3,0.458,0.435,0.6,0.6,1,0.3,0.3,0.7,1.2,0.4,0,0.8,0.2,5.8,29,190,-2.3,75
Derrick White,23,SAS,17,0,8.2,0.9,1.9,0.485,0.5,0.8,0.615,0.5,1.2,0.4,0.606,0.8,1.2,0.7,0.3,1.2,1.5,0.5,0.2,0.2,0.4,0.5,3.2,23,190,2.6,76
Domantas Sabonis,21,IND,74,19,24.5,4.6,8.9,0.514,0.2,0.5,0.351,4.4,8.4,0.524,0.524,2.3,3,0.75,2.2,5.5,7.7,2,0.5,0.4,1.9,3,11.6,22,252,2.3,72
Donovan Mitchell,21,UTA,79,71,33.4,7.5,17.2,0.437,2.4,7,0.34,5.2,10.3,0.502,0.506,3,3.8,0.805,0.7,3.1,3.7,3.7,1.5,0.3,2.7,2.7,20.5,21,215,-1.6,75
Draymond Green,27,GSW,70,70,32.7,4,8.8,0.454,1.1,3.7,0.301,2.9,5.2,0.562,0.516,1.9,2.5,0.775,1.1,6.6,7.6,7.3,1.4,1.3,2.9,2.6,11,28,230,14,79
Dwyane Wade,36,CLE,46,3,23.2,4.3,9.5,0.455,0.5,1.5,0.329,3.8,7.9,0.479,0.482,2,2.9,0.701,0.8,3.1,3.9,3.5,0.9,0.7,2,1.8,11.2,36,220,2.1,76
Dwyane Wade,36,MIA,21,0,22.2,4.8,11.8,0.409,0.4,2,0.22,4.4,9.8,0.447,0.427,2,2.6,0.745,0.5,2.9,3.4,3.1,0.9,0.7,2.3,1.9,12,36,220,2.1,76
Dwyane Wade,36,TOT,67,3,22.9,4.5,10.2,0.438,0.5,1.7,0.288,4,8.5,0.468,0.462,2,2.8,0.714,0.7,3,3.8,3.4,0.9,0.7,2.1,1.9,11.4,36,220,2.1,76
E'Twaun Moore,28,NOP,82,80,31.5,5.2,10.1,0.508,1.6,3.7,0.425,3.6,6.5,0.556,0.585,0.6,0.8,0.706,0.7,2.2,2.9,2.3,1,0.1,1.2,2.2,12.5,29,191,2.8,76
Ed Davis,28,POR,78,0,18.9,2.2,3.7,0.582,0,0,0,2.2,3.7,0.584,0.582,0.9,1.4,0.667,2.3,5,7.4,0.5,0.4,0.7,0.8,2.4,5.3,28,245,-3.4,72
Ekpe Udoh,30,UTA,63,3,12.9,1,1.9,0.5,0,0,0,1,1.9,0.504,0.5,0.7,0.9,0.75,1.1,1.3,2.4,0.8,0.7,1.2,0.3,1.7,2.6,31,245,-19.8,72
Emeka Okafor,35,NOP,26,19,13.6,1.8,3.7,0.505,0,0,NA,1.8,3.7,0.505,0.505,0.7,0.8,0.818,1.8,2.8,4.6,0.3,0.3,1,0.5,1.2,4.4,35,255,-80,72
Eric Bledsoe,28,PHO,3,3,27.7,5.3,13.3,0.4,1.3,4.3,0.308,4,9,0.444,0.45,3.7,4.7,0.786,1,1.3,2.3,3,1.3,0.7,3.3,2,15.7,28,205,8.1,73
Eric Bledsoe,28,MIL,71,71,31.5,6.4,13.4,0.476,1.7,4.9,0.349,4.7,8.5,0.55,0.54,3.4,4.3,0.793,0.7,3.2,3.9,5.1,2,0.6,2.9,2.5,17.8,28,205,8.1,73
Eric Bledsoe,28,TOT,74,74,31.4,6.3,13.4,0.473,1.7,4.9,0.347,4.6,8.5,0.545,0.536,3.4,4.3,0.792,0.7,3.1,3.8,5,2,0.6,2.9,2.5,17.7,28,205,8.1,73
Eric Gordon,29,HOU,69,30,31.2,6,14.1,0.428,3.2,8.8,0.359,2.9,5.2,0.544,0.54,2.8,3.5,0.809,0.4,2.1,2.5,2.2,0.6,0.4,1.9,1.7,18,29,215,1.3,76
Ersan Ilyasova,30,PHI,23,3,24.1,4,9.2,0.439,1.3,3.6,0.361,2.7,5.6,0.488,0.509,1.4,2,0.733,1.9,4.8,6.7,1.7,0.7,0.4,1.3,2.8,10.8,31,235,7.4,72
Ersan Ilyasova,30,ATL,46,40,25.5,4,8.7,0.459,1.3,3.7,0.359,2.7,5,0.532,0.535,1.6,2,0.8,1.6,3.8,5.5,1.1,1,0.4,0.9,2,10.9,31,235,7.4,72
Ersan Ilyasova,30,TOT,69,43,25.1,4,8.9,0.452,1.3,3.7,0.36,2.7,5.2,0.517,0.526,1.5,2,0.778,1.7,4.2,5.9,1.3,0.9,0.4,1,2.3,10.9,31,235,7.4,72
Evan Turner,29,POR,79,40,25.7,3.3,7.3,0.447,0.5,1.7,0.318,2.7,5.6,0.485,0.484,1.2,1.4,0.85,0.4,2.7,3.1,2.2,0.6,0.4,1.3,2.1,8.2,29,220,-10.3,79
Fred VanVleet,23,TOR,76,0,20,3.1,7.2,0.426,1.4,3.4,0.414,1.6,3.7,0.437,0.525,1.1,1.3,0.832,0.3,2.1,2.4,3.2,0.9,0.3,1,1.7,8.6,24,195,4.5,72
Furkan Korkmaz,20,PHI,14,0,5.7,0.6,2,0.286,0.4,1.2,0.294,0.2,0.8,0.273,0.375,0.1,0.3,0.5,0.1,0.6,0.8,0.3,0.1,0.1,0.1,0.9,1.6,20,190,117.1,79
George Hill,31,TOT,67,60,27,3.5,7.7,0.46,1.3,3.1,0.415,2.3,4.6,0.49,0.543,1.6,2.1,0.786,0.6,2.1,2.7,2.8,0.9,0.4,1.3,1.9,10,32,188,9,75
George Hill,31,CLE,24,24,27.9,3.5,7.8,0.444,1.1,3.2,0.351,2.3,4.6,0.509,0.516,1.4,1.7,0.805,0.8,1.8,2.7,2.8,0.9,0.6,1.2,2.2,9.4,32,188,9,75
George Hill,31,SAC,43,36,26.6,3.6,7.6,0.469,1.3,3,0.453,2.2,4.6,0.48,0.558,1.8,2.3,0.778,0.5,2.2,2.7,2.8,0.9,0.3,1.4,1.7,10.3,32,188,9,75
Gerald Green,32,HOU,41,2,22.7,4.1,10.1,0.407,2.7,7.3,0.369,1.4,2.8,0.504,0.54,1.2,1.5,0.85,0.4,2.9,3.2,0.6,0.6,0.4,0.8,2.1,12.1,32,205,-8.4,79
Giannis Antetokounmpo,23,MIL,75,75,36.7,9.9,18.7,0.529,0.6,1.9,0.307,9.3,16.8,0.554,0.545,6.5,8.5,0.76,2.1,8,10,4.8,1.5,1.4,3,3.1,26.9,23,222,0.4,73
Goran Dragic,31,MIA,75,75,31.7,6.5,14.3,0.45,1.5,4,0.37,5,10.3,0.481,0.502,2.9,3.6,0.801,0.7,3.4,4.1,4.8,0.8,0.2,2.2,2.4,17.3,32,190,-6.2,75
Gorgui Dieng,28,MIN,79,0,16.9,2.4,4.9,0.479,0.2,0.8,0.311,2.1,4.1,0.511,0.504,1,1.3,0.775,1.3,3.2,4.6,0.9,0.6,0.5,0.7,1.9,5.9,28,251,2.9,73
Greg Monroe,27,PHO,20,14,23.3,4.9,7.8,0.626,0,0,NA,4.9,7.8,0.626,0.626,1.6,2.3,0.674,2.5,5.5,8,2.5,0.8,0.3,2,2,11.3,27,265,-16.3,73
Greg Monroe,27,BOS,26,0,19.1,4,7.6,0.53,0,0,NA,4,7.6,0.53,0.53,2.1,2.7,0.797,2,4.3,6.3,2.3,1.1,0.7,1.8,1.8,10.2,27,265,-16.3,73
Greg Monroe,27,TOT,51,14,20.4,4.3,7.6,0.565,0,0,NA,4.3,7.6,0.565,0.565,1.7,2.3,0.739,2.1,4.7,6.9,2.2,0.9,0.5,1.8,1.9,10.3,27,265,-16.3,73
Greg Monroe,27,MIL,5,0,15.8,3.2,6.6,0.485,0,0,NA,3.2,6.6,0.485,0.485,0.4,0.8,0.5,1.2,3.8,5,1,0,0,1.2,1.4,6.8,27,265,-16.3,73
Guerschon Yabusele,22,BOS,33,4,7.1,0.8,1.8,0.426,0.4,1.1,0.324,0.4,0.7,0.583,0.525,0.5,0.7,0.682,0.5,1.1,1.6,0.5,0.1,0.2,0.4,0.7,2.4,22,260,-9.1,80
Hassan Whiteside,28,MIA,54,54,25.3,5.8,10.7,0.54,0,0,1,5.7,10.7,0.538,0.542,2.4,3.4,0.703,3.2,8.2,11.4,1,0.7,1.7,1.7,2.4,14,28,265,-15.3,84
Ian Clark,26,NOP,74,2,19.7,3,6.7,0.448,0.8,2.6,0.318,2.2,4.1,0.533,0.511,0.6,0.8,0.763,0.1,1.6,1.7,1.5,0.4,0.1,0.8,1.6,7.4,27,175,-7,75
Ian Mahinmi,31,WAS,77,0,14.9,1.8,3.2,0.556,0,0,0,1.8,3.2,0.561,0.556,1.2,1.7,0.703,1.8,2.3,4.1,0.7,0.5,0.5,1.3,3,4.8,31,262,3.1,73
Jabari Parker,22,MIL,31,3,24,5.2,10.7,0.482,1,2.6,0.383,4.2,8.1,0.514,0.529,1.3,1.7,0.741,1.4,3.5,4.9,1.9,0.8,0.3,1.5,1.6,12.6,23,250,-3.1,80
Jae Crowder,27,UTA,27,0,27.6,4.2,10.9,0.386,1.8,5.6,0.316,2.4,5.3,0.462,0.468,1.6,2.1,0.768,0.7,3.1,3.8,1.5,0.9,0.3,1.2,2.3,11.8,27,235,-8.5,78
Jae Crowder,27,CLE,53,47,25.4,3,7.1,0.418,1.2,3.6,0.328,1.8,3.5,0.508,0.5,1.5,1.7,0.848,0.8,2.5,3.3,1.1,0.8,0.2,0.8,2.3,8.6,27,235,-8.5,78
Jae Crowder,27,TOT,80,47,26.1,3.4,8.4,0.404,1.4,4.3,0.323,2,4.1,0.488,0.486,1.5,1.9,0.818,0.7,2.7,3.4,1.2,0.8,0.3,0.9,2.3,9.7,27,235,-8.5,78
Jake Layman,23,POR,35,1,4.6,0.4,1.3,0.298,0.1,0.6,0.2,0.3,0.8,0.37,0.34,0.1,0.1,0.667,0.1,0.3,0.5,0.3,0.2,0.1,0.1,0.4,1,24,210,57.1,81
Jakob Poeltl,22,TOR,82,0,18.6,3.1,4.7,0.659,0,0,0.5,3.1,4.7,0.66,0.66,0.7,1.2,0.594,2,2.8,4.8,0.7,0.5,1.2,1,2.6,6.9,22,230,-9.5,84
Jamal Crawford,37,MIN,80,0,20.7,3.9,9.3,0.415,1.3,3.9,0.331,2.6,5.4,0.477,0.485,1.3,1.4,0.903,0.3,1,1.2,2.3,0.5,0.1,1.2,1.1,10.3,38,185,-4.2,77
James Harden,28,HOU,72,72,35.4,9,20.1,0.449,3.7,10,0.367,5.4,10.1,0.531,0.541,8.7,10.1,0.858,0.6,4.8,5.4,8.8,1.8,0.7,4.4,2.3,30.4,28,220,9.3,77
James Johnson,30,MIA,73,41,26.6,4.2,8.4,0.503,0.8,2.5,0.308,3.5,5.9,0.587,0.55,1.5,2.2,0.698,0.8,4.1,4.9,3.8,1,0.7,1.9,2.6,10.8,31,240,-9.6,80
Jason Smith,31,WAS,33,2,8.6,1.4,3.5,0.391,0.1,1,0.125,1.2,2.5,0.494,0.409,0.6,0.6,0.905,0.5,1.1,1.6,0.4,0.1,0.4,0.5,1.3,3.4,32,240,-32.6,84
Jason Terry,40,MIL,51,4,16,1.2,3,0.383,0.8,2.3,0.348,0.4,0.8,0.487,0.513,0.2,0.2,0.889,0.1,0.8,0.9,1.2,0.8,0.3,0.5,1,3.3,40,185,-6.5,74
JaVale McGee,30,GSW,65,17,9.5,2.1,3.4,0.621,0,0.1,0,2.1,3.3,0.638,0.621,0.6,0.8,0.731,0.9,1.7,2.6,0.5,0.3,0.9,0.4,1.4,4.8,30,270,8.1,84
Jaylen Brown,21,BOS,70,70,30.7,5.3,11.5,0.465,1.7,4.4,0.395,3.6,7.1,0.507,0.54,2.1,3.3,0.644,0.9,4,4.9,1.6,1,0.4,1.8,2.6,14.5,21,225,2.9,79
Jayson Tatum,19,BOS,80,80,30.5,5,10.4,0.475,1.3,3,0.434,3.7,7.4,0.492,0.538,2.7,3.2,0.826,0.6,4.4,5,1.6,1,0.7,1.4,2.1,13.9,20,205,5.3,80
Jeff Green,31,CLE,78,13,23.4,3.8,7.9,0.477,0.7,2.2,0.312,3.1,5.7,0.54,0.52,2.6,3,0.868,0.8,2.4,3.2,1.3,0.5,0.4,1,1.9,10.8,31,235,-4.4,81
Jeff Teague,29,MIN,70,70,33,5.1,11.3,0.446,1.2,3.3,0.368,3.9,8.1,0.477,0.499,2.9,3.4,0.845,0.3,2.6,3,7,1.5,0.3,2.5,2.4,14.2,29,189,-14.8,74
Jerami Grant,23,OKC,81,1,20.3,3,5.6,0.535,0.4,1.4,0.291,2.6,4.3,0.613,0.57,2,3,0.675,1.1,2.9,3.9,0.7,0.4,1,0.7,1.9,8.4,24,220,8.9,81
Jerryd Bayless,29,PHI,39,11,23.7,2.8,6.7,0.416,1.4,3.7,0.37,1.4,3,0.474,0.519,0.9,1.1,0.795,0.4,1.7,2.1,1.4,0.6,0.2,1.2,2.3,7.9,29,200,10.3,75
Jimmy Butler,28,MIN,59,59,36.7,7.4,15.6,0.474,1.2,3.4,0.35,6.2,12.2,0.509,0.512,6.2,7.2,0.854,1.3,4,5.3,4.9,2,0.4,1.8,1.3,22.2,28,236,-1.9,80
Joe Ingles,30,UTA,82,81,31.4,4.1,8.8,0.467,2.5,5.7,0.44,1.6,3.1,0.516,0.609,0.8,1,0.795,0.3,3.9,4.2,4.8,1.1,0.2,1.9,2.2,11.5,30,226,4.3,80
Joe Johnson,36,UTA,32,3,21.9,3,7.1,0.42,0.7,2.6,0.274,2.3,4.4,0.507,0.471,0.6,0.8,0.833,0.4,3,3.3,1.4,0.4,0.2,1,1,7.3,36,240,-27.8,79
Joe Johnson,36,HOU,23,1,22,2.2,5.8,0.381,0.7,2.7,0.279,1.5,3.2,0.466,0.444,0.9,0.9,0.952,0.1,2.7,2.8,1.7,0.3,0,0.8,1.5,6,36,240,-27.8,79
Joe Johnson,36,TOT,55,4,21.9,2.7,6.5,0.406,0.7,2.6,0.276,1.9,3.9,0.493,0.461,0.7,0.8,0.889,0.3,2.9,3.1,1.5,0.3,0.1,0.9,1.2,6.8,36,240,-27.8,79
Joe Young,25,IND,53,1,10.5,1.5,3.5,0.43,0.5,1.2,0.379,1,2.3,0.458,0.497,0.4,0.5,0.759,0.2,1,1.2,0.7,0.3,0,0.5,0.7,3.9,25,185,96.5,74
Joel Embiid,23,PHI,63,63,30.3,8.1,16.8,0.483,1,3.4,0.308,7,13.4,0.527,0.514,5.7,7.4,0.769,2.3,8.7,11,3.2,0.6,1.8,3.7,3.3,22.9,24,250,5.7,84
Joffrey Lauvergne,26,SAS,55,1,9.7,1.8,3.5,0.516,0,0.1,0,1.8,3.4,0.53,0.516,0.5,0.9,0.638,1.1,2,3.1,0.7,0.2,0.1,0.6,0.8,4.1,26,260,25.5,73
John Henson,27,MIL,76,69,25.9,3.8,6.6,0.572,0,0.1,0.143,3.8,6.5,0.578,0.573,1.2,2.1,0.57,2,4.8,6.8,1.5,0.6,1.4,1.1,2.7,8.8,27,229,3,73
John Wall,27,WAS,41,41,34.4,6.8,16.3,0.42,1.5,4.1,0.371,5.3,12.2,0.436,0.466,4.3,5.9,0.726,0.5,3.1,3.7,9.6,1.4,1.1,3.9,2,19.4,27,210,-3.1,76
Jonas Jerebko,30,UTA,74,19,15.3,2.1,4.6,0.466,0.9,2.1,0.414,1.3,2.5,0.511,0.562,0.6,0.8,0.807,0.7,2.6,3.3,0.6,0.3,0.2,0.4,1.7,5.8,31,231,-8.5,72
Jonas Valanciunas,25,TOR,77,77,22.4,5.1,8.9,0.568,0.4,1,0.405,4.7,8,0.587,0.59,2.2,2.7,0.806,2.4,6.2,8.6,1.1,0.4,0.9,1.5,2.5,12.7,26,255,4.5,84
Jordan Bell,23,GSW,57,13,14.2,2,3.2,0.627,0,0.1,0,2,3.2,0.641,0.627,0.5,0.8,0.682,1.1,2.6,3.6,1.8,0.6,1,0.9,1.6,4.6,23,224,-3.2,81
Jordan Clarkson,25,CLE,28,0,22.6,4.7,10.3,0.456,1.6,3.9,0.407,3.1,6.4,0.486,0.533,1.7,2.1,0.81,0.5,1.6,2.1,1.7,0.7,0.1,1.1,1.6,12.6,25,194,-12.6,77
Jordan Clarkson,25,TOT,81,2,23.3,5.3,11.8,0.451,1.4,3.9,0.352,3.9,7.9,0.5,0.509,1.9,2.3,0.8,0.7,2,2.7,2.7,0.7,0.1,1.6,1.3,13.9,25,194,-12.6,77
Jordan Clarkson,25,LAL,53,2,23.7,5.6,12.6,0.448,1.3,4,0.324,4.4,8.6,0.505,0.499,2,2.5,0.795,0.8,2.2,3,3.3,0.7,0.1,1.8,1.2,14.5,25,194,-12.6,77
Jordan Crawford,29,NOP,5,0,10.6,2.4,5.4,0.444,1.6,2.8,0.571,0.8,2.6,0.308,0.593,0.2,0.2,1,0.4,0.4,0.8,2.6,0.2,0.2,1,1.4,6.6,29,195,-19.7,77
Jose Calderon,36,CLE,57,32,16,1.6,3.2,0.503,0.8,1.7,0.464,0.8,1.5,0.545,0.624,0.4,0.5,0.8,0.2,1.2,1.5,2.1,0.5,0,0.7,1.4,4.5,36,200,1.5,75
Josh Huestis,26,OKC,69,10,14.2,0.9,2.6,0.33,0.5,1.7,0.287,0.4,1,0.403,0.42,0.1,0.3,0.3,0.6,1.7,2.3,0.3,0.2,0.6,0.4,1.2,2.3,26,230,-16.2,79
Josh Richardson,24,MIA,81,81,33.2,4.9,10.9,0.451,1.6,4.1,0.378,3.4,6.8,0.495,0.523,1.5,1.8,0.845,0.9,2.7,3.5,2.9,1.5,0.9,1.7,2.5,12.9,24,200,-15.5,78
Jrue Holiday,27,NOP,81,81,36.1,7.6,15.4,0.494,1.5,4.4,0.337,6.1,11,0.557,0.543,2.3,2.9,0.786,0.8,3.7,4.5,6,1.5,0.8,2.6,2.5,19,27,205,2.5,76
Justin Anderson,24,PHI,38,0,13.7,2.3,5.3,0.431,0.9,2.7,0.33,1.4,2.6,0.535,0.515,0.7,1,0.737,0.7,1.8,2.4,0.7,0.4,0.2,0.4,1.4,6.2,24,230,7.6,78
Justise Winslow,21,MIA,68,25,24.7,3,7.2,0.424,0.7,1.9,0.38,2.3,5.3,0.44,0.474,1,1.5,0.635,0.9,4.5,5.4,2.2,0.8,0.5,1.1,2.1,7.8,22,225,-1.4,79
Jusuf Nurkic,23,POR,79,79,26.4,6.1,12,0.505,0,0.1,0,6.1,11.9,0.508,0.505,2.2,3.5,0.63,2.4,6.6,9,1.8,0.8,1.4,2.3,3.1,14.3,23,280,-12.7,84
Karl-Anthony Towns,22,MIN,82,82,35.6,7.8,14.3,0.545,1.5,3.5,0.421,6.3,10.8,0.585,0.596,4.2,4.9,0.858,2.9,9.4,12.3,2.4,0.8,1.4,1.9,3.5,21.3,22,248,-12.8,84
Kelly Olynyk,26,MIA,76,22,23.4,4.2,8.4,0.497,1.4,3.7,0.379,2.8,4.7,0.59,0.58,1.8,2.3,0.77,1.2,4.5,5.7,2.7,0.8,0.5,1.9,2.9,11.5,27,245,-0.6,84
Kevin Durant,29,GSW,68,68,34.2,9.3,18,0.516,2.5,6.1,0.419,6.7,11.9,0.565,0.586,5.3,5.9,0.889,0.5,6.4,6.8,5.4,0.7,1.8,3,2,26.4,29,240,11.4,81
Kevin Love,29,CLE,59,59,28,5.7,12.4,0.458,2.3,5.6,0.415,3.3,6.8,0.494,0.552,4,4.5,0.88,1.7,7.5,9.3,1.7,0.7,0.4,1.5,2,17.6,29,251,5.3,72
Kevon Looney,21,GSW,66,4,13.8,1.7,2.9,0.58,0,0.1,0.2,1.7,2.8,0.59,0.583,0.6,1.2,0.545,1.3,2,3.3,0.6,0.5,0.8,0.5,1.6,4,22,220,12.6,81
Khris Middleton,26,MIL,82,82,36.4,7.2,15.5,0.466,1.8,5,0.359,5.5,10.5,0.517,0.524,3.9,4.4,0.884,0.5,4.7,5.2,4,1.5,0.3,2.3,3.3,20.1,26,234,3.6,80
Klay Thompson,27,GSW,73,73,34.3,7.9,16.1,0.488,3.1,7.1,0.44,4.7,9,0.526,0.585,1.1,1.3,0.837,0.4,3.4,3.8,2.5,0.8,0.5,1.8,1.6,20,28,215,9.2,79
Kyle Anderson,24,SAS,74,67,26.7,3.1,5.9,0.527,0.3,0.8,0.333,2.9,5.1,0.556,0.549,1.4,2,0.712,1.1,4.2,5.4,2.7,1.6,0.8,1.3,1.5,7.9,24,230,-7.7,81
Kyle Korver,36,CLE,73,4,21.6,3,6.6,0.459,2.2,5.2,0.436,0.8,1.5,0.537,0.628,0.9,1,0.889,0.1,2.1,2.3,1.2,0.4,0.4,0.8,1.8,9.2,37,212,6,79
Kyle Lowry,31,TOR,78,78,32.2,5.2,12.1,0.427,3.1,7.6,0.399,2.1,4.5,0.474,0.553,2.9,3.3,0.854,0.8,4.7,5.6,6.9,1.1,0.2,2.3,2.5,16.2,32,205,-0.7,72
LaMarcus Aldridge,32,SAS,75,75,33.5,9.2,18,0.51,0.4,1.2,0.293,8.8,16.7,0.526,0.52,4.5,5.3,0.837,3.3,5.2,8.5,2,0.6,1.2,1.5,2.2,23.1,32,260,-12.4,73
Lance Stephenson,27,IND,82,7,22.6,3.7,8.6,0.427,0.8,2.8,0.289,2.9,5.8,0.495,0.475,1,1.5,0.661,0.8,4.4,5.2,2.9,0.6,0.2,1.6,2.2,9.2,27,230,-0.5,78
LeBron James,33,CLE,82,82,36.9,10.5,19.3,0.542,1.8,5,0.367,8.6,14.3,0.603,0.59,4.7,6.5,0.731,1.2,7.5,8.6,9.1,1.4,0.9,4.2,1.6,27.5,33,250,2,80
Lorenzo Brown,27,TOR,14,0,9.9,1,2.4,0.412,0.1,0.9,0.167,0.9,1.6,0.545,0.441,0.1,0.1,1,0.1,1,1.1,0.9,0.4,0,0.2,0.5,2.3,27,189,-26.1,77
Luc Mbah a Moute,31,HOU,61,15,25.6,2.7,5.7,0.481,1,2.8,0.364,1.7,2.8,0.599,0.572,1.1,1.6,0.684,0.4,2.7,3,0.9,1.2,0.4,1.1,1.6,7.5,31,230,-23.6,80
Lucas Nogueira,25,TOR,49,3,8.5,1,1.6,0.613,0.1,0.4,0.263,0.9,1.2,0.721,0.644,0.4,0.6,0.679,0.4,1.4,1.8,0.4,0.5,0.9,0.3,1,2.5,25,220,-48,84
Luke Babbitt,28,MIA,13,5,11.2,0.8,3.6,0.234,0.8,3.5,0.244,0,0.2,0,0.351,0,0,NA,0.2,1,1.2,0.4,0.1,0.2,0.3,0.5,2.5,28,225,-83.2,81
Luke Babbitt,28,TOT,50,14,14.3,1.8,4.3,0.423,1.2,3.1,0.385,0.6,1.2,0.525,0.563,0.3,0.4,0.773,0.1,1.8,1.9,0.6,0.2,0.1,0.4,1.1,5.2,28,225,-83.2,81
Luke Babbitt,28,ATL,37,9,15.4,2.2,4.5,0.476,1.3,3,0.441,0.8,1.5,0.544,0.622,0.5,0.6,0.773,0.1,2.1,2.2,0.7,0.2,0.1,0.4,1.3,6.1,28,225,-83.2,81
Malcolm Brogdon,25,MIL,48,20,29.9,5.1,10.5,0.485,1.3,3.4,0.385,3.8,7.1,0.532,0.547,1.6,1.8,0.882,0.5,2.8,3.3,3.2,0.9,0.3,1.4,2.7,13,25,215,-5.7,77
Manu Ginobili,40,SAS,65,0,20,3.1,7.1,0.434,1,3,0.333,2.1,4.2,0.506,0.503,1.7,2,0.84,0.3,1.9,2.2,2.5,0.7,0.2,1.6,1.9,8.9,40,205,-4.4,78
Marcin Gortat,33,WAS,82,82,25.3,3.5,6.8,0.518,0,0,NA,3.5,6.8,0.518,0.518,1.3,2,0.675,2.2,5.4,7.6,1.8,0.5,0.7,1.2,2.1,8.4,34,240,-3,73
Marco Belinelli,31,TOT,80,2,24.3,4.2,9.5,0.442,1.9,4.9,0.377,2.4,4.6,0.511,0.539,1.9,2,0.908,0.2,1.6,1.9,1.9,0.8,0.2,1.2,1.1,12.1,32,210,3.6,77
Marco Belinelli,31,ATL,52,1,23.3,3.8,9.3,0.411,1.8,4.8,0.372,2.1,4.6,0.451,0.506,1.9,2.1,0.927,0.3,1.7,1.9,2,0.9,0.1,1,0.8,11.4,32,210,3.6,77
Marco Belinelli,31,PHI,28,1,26.3,4.9,10,0.495,2,5.3,0.385,2.9,4.7,0.618,0.597,1.7,1.9,0.87,0.2,1.6,1.8,1.6,0.7,0.3,1.4,1.8,13.6,32,210,3.6,77
Marcus Georges-Hunt,23,MIN,42,0,5.3,0.5,1.1,0.438,0.1,0.4,0.267,0.4,0.8,0.515,0.479,0.3,0.5,0.619,0.2,0.2,0.4,0.2,0.1,0,0.1,0.8,1.4,24,226,-33.7,77
Marcus Morris,28,BOS,54,21,26.8,4.9,11.3,0.429,1.6,4.3,0.368,3.3,7,0.467,0.499,2.3,2.9,0.805,0.8,4.6,5.4,1.3,0.6,0.2,1.2,1.9,13.6,28,235,0.9,81
Marcus Smart,23,BOS,54,11,29.9,3.5,9.5,0.367,1.4,4.6,0.301,2.1,4.9,0.429,0.44,1.8,2.5,0.729,0.8,2.7,3.5,4.8,1.3,0.4,2.4,2.5,10.2,24,220,2.7,76
Markelle Fultz,19,PHI,14,0,18.1,3.2,7.9,0.405,0,0.1,0,3.2,7.9,0.409,0.405,0.7,1.5,0.476,0.8,2.3,3.1,3.8,0.9,0.3,1.2,1.6,7.1,19,200,3.6,76
Markieff Morris,28,WAS,73,73,27,4.5,9.4,0.48,1,2.8,0.367,3.5,6.6,0.529,0.536,1.4,1.8,0.82,1,4.6,5.6,1.9,0.8,0.5,1.7,3,11.5,28,245,-8,72
Matthew Dellavedova,27,MIL,38,3,18.7,1.4,4,0.362,0.8,2.1,0.372,0.7,1.9,0.351,0.457,0.7,0.7,0.926,0.4,1.3,1.7,3.8,0.4,0,1.3,1.8,4.3,27,198,-1.1,76
Maurice Harkless,24,POR,59,36,21.4,2.5,5,0.495,0.8,2,0.415,1.7,3,0.547,0.577,0.7,1,0.712,0.8,2,2.7,0.9,0.8,0.7,0.7,1.7,6.5,25,220,-10.6,81
Meyers Leonard,25,POR,33,2,7.7,1.4,2.4,0.59,0.3,0.8,0.423,1.1,1.6,0.673,0.66,0.3,0.3,0.818,0.4,1.8,2.1,0.5,0.2,0,0.3,1.1,3.4,26,255,52.1,85
Mike Scott,29,WAS,76,1,18.5,3.6,6.9,0.527,0.9,2.1,0.405,2.8,4.8,0.582,0.59,0.7,1,0.658,0.7,2.6,3.3,1.1,0.3,0.1,1,1.9,8.8,29,237,9.9,80
Myles Turner,21,IND,65,62,28.2,4.7,9.8,0.479,0.9,2.4,0.357,3.8,7.4,0.519,0.523,2.5,3.2,0.777,1.4,5,6.4,1.3,0.6,1.8,1.5,2.9,12.7,22,255,9.2,73
Nemanja Bjelica,29,MIN,67,21,20.5,2.6,5.5,0.461,1.1,2.7,0.415,1.4,2.8,0.505,0.563,0.5,0.7,0.8,0.8,3.3,4.1,1.3,0.7,0.2,0.8,2.1,6.8,30,230,-11.4,72
Nick Young,32,GSW,80,8,17.4,2.5,6.1,0.412,1.5,4.1,0.377,1,2,0.481,0.538,0.7,0.8,0.862,0.3,1.3,1.6,0.5,0.5,0.1,0.5,1.3,7.3,32,210,0.6,79
Nikola Mirotic,26,CHI,25,3,24.9,5.7,12.1,0.474,2.8,6.4,0.429,3,5.6,0.525,0.588,2.6,3.2,0.823,0.7,5.6,6.4,1.6,0.6,0.5,1.2,1.8,16.8,27,238,3.3,72
Nikola Mirotic,26,TOT,55,14,27.2,5.6,12.4,0.447,2.5,6.5,0.377,3.1,5.9,0.525,0.546,2,2.5,0.818,1.1,6.3,7.4,1.5,0.8,0.7,1.1,2,15.6,27,238,3.3,72
Nikola Mirotic,26,NOP,30,11,29.1,5.4,12.7,0.427,2.2,6.6,0.335,3.2,6.2,0.524,0.513,1.6,1.9,0.81,1.4,6.8,8.2,1.4,1,0.9,1,2.1,14.6,27,238,3.3,72
Norman Powell,24,TOR,70,18,15.2,2.1,5.3,0.401,0.8,2.7,0.285,1.4,2.7,0.516,0.472,0.5,0.6,0.821,0.2,1.5,1.7,1.3,0.5,0.2,0.9,1.6,5.5,24,215,-2.4,76
OG Anunoby,20,TOR,74,62,20,2.2,4.7,0.471,1,2.7,0.371,1.2,2,0.604,0.577,0.5,0.8,0.629,0.6,1.9,2.5,0.7,0.7,0.2,0.6,1.8,5.9,20,235,-0.7,80
Pascal Siakam,23,TOR,81,5,20.7,3.1,6.1,0.508,0.4,1.6,0.22,2.8,4.5,0.612,0.537,0.7,1.1,0.621,1,3.5,4.5,2,0.8,0.5,0.8,2,7.3,24,230,-3.7,81
Pat Connaughton,25,POR,82,5,18.1,2,4.8,0.423,0.9,2.6,0.352,1.1,2.2,0.506,0.518,0.5,0.5,0.841,0.4,1.5,2,1.1,0.3,0.3,0.5,1.5,5.4,25,210,-23.1,77
Patrick Patterson,28,OKC,82,3,15.5,1.3,3.2,0.398,0.8,2.1,0.386,0.5,1.2,0.421,0.523,0.5,0.6,0.87,0.4,2,2.4,0.7,0.6,0.3,0.4,1.1,3.9,29,230,-18.7,81
Patty Mills,29,SAS,82,36,25.7,3.4,8.3,0.411,1.9,5,0.372,1.5,3.3,0.47,0.523,1.3,1.4,0.89,0.3,1.6,1.9,2.8,0.7,0.1,1.3,1.6,10,29,185,-11.7,72
Pau Gasol,37,SAS,77,63,23.5,3.7,8.1,0.458,0.6,1.6,0.358,3.2,6.6,0.481,0.492,2.1,2.7,0.756,1.7,6.4,8,3.1,0.3,1,1.4,1.6,10.1,37,250,-13.5,84
Paul George,27,OKC,79,79,36.6,7.3,16.9,0.43,3.1,7.7,0.401,4.2,9.3,0.454,0.521,4.3,5.2,0.82,0.9,4.7,5.7,3.3,2,0.5,2.7,2.9,21.9,28,220,-4.9,81
Quinn Cook,24,GSW,33,18,22.4,3.7,7.6,0.484,1.4,3.2,0.442,2.3,4.5,0.514,0.575,0.7,0.8,0.88,0.3,2.2,2.5,2.7,0.4,0,1,1.8,9.5,25,179,9.9,74
Rajon Rondo,31,NOP,65,63,26.2,3.6,7.6,0.468,0.8,2.3,0.333,2.8,5.3,0.526,0.518,0.4,0.7,0.543,0.5,3.6,4,8.2,1.1,0.2,2.3,1.8,8.3,32,186,1.7,73
Raul Neto,25,UTA,41,0,12.1,1.7,3.7,0.457,0.5,1.1,0.404,1.2,2.5,0.481,0.52,0.6,0.9,0.743,0.2,1,1.2,1.8,0.3,0.1,0.9,0.9,4.5,26,179,2.2,73
Raymond Felton,33,OKC,82,2,16.6,2.7,6.7,0.406,1,2.8,0.352,1.7,3.9,0.444,0.479,0.4,0.5,0.818,0.3,1.6,1.9,2.5,0.6,0.2,0.9,1.1,6.9,33,205,-3,73
Richaun Holmes,24,PHI,48,2,15.5,2.8,5,0.56,0.1,0.6,0.129,2.7,4.4,0.624,0.568,0.8,1.2,0.661,1.2,3.2,4.4,1.3,0.4,0.6,0.5,2,6.5,24,235,-36.1,72
Ricky Rubio,27,UTA,77,77,29.3,4.5,10.7,0.418,1.2,3.5,0.352,3.2,7.2,0.451,0.476,2.9,3.3,0.866,0.6,4,4.6,5.3,1.6,0.1,2.7,2.7,13.1,27,190,9,76
Robert Covington,27,PHI,80,80,31.7,4.3,10.5,0.413,2.5,6.9,0.369,1.8,3.6,0.497,0.534,1.5,1.7,0.853,0.7,4.7,5.4,2,1.7,0.9,1.6,3,12.6,27,225,-2.8,81
Rodney Hood,25,UTA,39,12,27.8,6,14.2,0.424,2.6,6.7,0.389,3.4,7.4,0.455,0.516,2.2,2.5,0.876,0.4,2.5,2.8,1.7,0.8,0.2,1.6,1.6,16.8,25,206,-20.7,80
Rodney Hood,25,TOT,60,23,26.9,5.4,12.5,0.429,2.1,5.6,0.381,3.3,7,0.467,0.513,1.9,2.2,0.86,0.4,2.4,2.8,1.6,0.8,0.2,1.2,1.8,14.7,25,206,-20.7,80
Rodney Hood,25,CLE,21,11,25.3,4.2,9.5,0.442,1.2,3.4,0.352,3,6.1,0.492,0.505,1.2,1.5,0.813,0.4,2.2,2.6,1.4,0.7,0.2,0.3,2,10.8,25,206,-20.7,80
Rodney McGruder,26,MIA,18,2,16.6,2,4.1,0.493,0.8,1.9,0.429,1.2,2.1,0.553,0.596,0.2,0.4,0.5,0.6,1.2,1.8,0.9,0.4,0.2,0.2,1.2,5.1,26,200,-16,76
Royce O'Neale,24,UTA,69,4,16.7,1.7,4.1,0.423,0.6,1.7,0.356,1.1,2.4,0.47,0.496,0.9,1.1,0.803,0.4,3.1,3.4,1.4,0.5,0.2,0.8,1.5,5,24,226,-13.6,78
Rudy Gay,31,SAS,57,6,21.6,4.4,9.4,0.471,0.6,2.1,0.314,3.8,7.4,0.516,0.506,2,2.5,0.772,1.3,3.8,5.1,1.3,0.8,0.7,1.4,1.7,11.5,31,230,-7.6,80
Rudy Gobert,25,UTA,56,56,32.4,4.9,7.9,0.622,0,0,NA,4.9,7.9,0.622,0.622,3.6,5.3,0.682,2.9,7.8,10.7,1.4,0.8,2.3,1.9,2.7,13.5,25,245,-2.1,85
Russell Westbrook,29,OKC,80,80,36.4,9.5,21.1,0.449,1.2,4.1,0.298,8.3,17,0.485,0.477,5.2,7.1,0.737,1.9,8.2,10.1,10.3,1.8,0.3,4.8,2.5,25.4,29,200,-8.2,75
Ryan Anderson,29,HOU,66,50,26.1,3.1,7.3,0.431,2,5.1,0.386,1.2,2.1,0.539,0.568,1.1,1.4,0.774,1.4,3.6,5,0.9,0.4,0.3,0.6,1.9,9.3,30,240,-15.6,72
Semi Ojeleye,23,BOS,73,0,15.8,0.9,2.6,0.346,0.5,1.7,0.32,0.3,0.9,0.397,0.452,0.3,0.6,0.61,0.5,1.7,2.2,0.3,0.3,0.1,0.3,1.2,2.7,23,235,-6.7,79
Serge Ibaka,28,TOR,76,76,27.5,5,10.3,0.483,1.4,3.9,0.36,3.6,6.4,0.559,0.552,1.2,1.6,0.797,1,5.3,6.3,0.8,0.4,1.3,1.2,2.8,12.6,28,235,3.2,72
Shabazz Muhammad,25,MIL,11,0,10.6,3.4,6.1,0.552,0.3,0.7,0.375,3.1,5.4,0.576,0.575,1.5,1.7,0.895,0.7,2.1,2.8,0.6,0.4,0.1,0.1,0.6,8.5,25,221,12.2,78
Shabazz Muhammad,25,TOT,43,2,9.7,2,4.4,0.447,0.2,0.6,0.259,1.8,3.7,0.478,0.465,0.9,1.2,0.78,0.5,1.2,1.8,0.3,0.2,0.1,0.1,0.7,5,25,221,12.2,78
Shabazz Muhammad,25,MIN,32,2,9.4,1.5,3.8,0.388,0.1,0.6,0.211,1.3,3.2,0.422,0.405,0.7,1,0.71,0.5,0.9,1.4,0.2,0.2,0.1,0.2,0.7,3.8,25,221,12.2,78
Shabazz Napier,26,POR,74,10,20.7,3,7.2,0.42,1.1,2.9,0.376,1.9,4.2,0.45,0.497,1.6,1.9,0.841,0.4,1.9,2.3,2,1.1,0.2,1.2,1.1,8.7,26,175,3.4,73
Shane Larkin,25,BOS,54,2,14.4,1.6,4.1,0.384,0.6,1.6,0.36,1,2.5,0.398,0.454,0.6,0.7,0.865,0.3,1.4,1.7,1.8,0.5,0.1,0.6,1.1,4.3,25,175,-4,61
Shaun Livingston,32,GSW,71,7,15.9,2.4,4.8,0.501,0,0.1,0,2.4,4.8,0.509,0.501,0.7,0.9,0.82,0.5,1.4,1.8,2,0.5,0.3,0.8,1.6,5.5,32,192,11.4,79
Solomon Hill,26,NOP,12,1,15.6,0.9,3.4,0.268,0.3,1.8,0.19,0.6,1.7,0.35,0.317,0.3,0.5,0.5,0.8,2.3,3,1.8,0.6,0.1,0.8,1.8,2.4,27,225,-3.5,79
Stephen Curry,29,GSW,51,51,32,8.4,16.9,0.495,4.2,9.8,0.423,4.2,7.1,0.595,0.618,5.5,5.9,0.921,0.7,4.4,5.1,6.1,1.6,0.2,3,2.2,26.4,30,190,12.3,75
Sterling Brown,22,MIL,54,4,14.4,1.5,3.8,0.4,0.6,1.7,0.352,0.9,2.1,0.439,0.478,0.4,0.4,0.875,0.5,2.1,2.6,0.5,0.6,0.2,0.5,1.5,4,23,230,8.2,78
Steven Adams,24,OKC,76,76,32.7,5.9,9.4,0.629,0,0,0,5.9,9.3,0.631,0.629,2.1,3.8,0.557,5.1,4,9,1.2,1.2,1,1.7,2.8,13.9,24,255,-5.2,84
T.J. McConnell,25,PHI,76,1,22.4,2.8,5.5,0.499,0.4,0.8,0.435,2.4,4.7,0.51,0.531,0.4,0.5,0.795,0.5,2.5,3,4,1.2,0.2,1.5,1.6,6.3,26,190,11.5,74
Taj Gibson,32,MIN,82,82,33.2,5.2,9,0.577,0.1,0.4,0.2,5.1,8.6,0.595,0.581,1.7,2.3,0.768,2.4,4.8,7.1,1.2,0.8,0.7,1.1,2.7,12.2,32,235,-11.8,81
Tarik Black,26,HOU,51,2,10.5,1.5,2.5,0.591,0,0.2,0.091,1.5,2.3,0.638,0.594,0.6,1.2,0.46,1.2,2,3.2,0.3,0.4,0.6,0.7,2.1,3.5,26,250,-39.1,81
Terrance Ferguson,19,OKC,61,12,12.5,1.1,2.8,0.414,0.7,2,0.333,0.5,0.8,0.612,0.533,0.1,0.2,0.9,0.3,0.5,0.8,0.3,0.4,0.2,0.2,1.4,3.1,20,184,65.3,79
Terry Rozier,23,BOS,80,16,25.9,4,10,0.395,1.9,5,0.381,2,5,0.41,0.491,1.4,1.9,0.772,0.8,3.9,4.7,2.9,1,0.2,1,1.5,11.3,24,190,2,74
Thaddeus Young,29,IND,81,81,32.2,5.2,10.7,0.487,0.7,2.2,0.32,4.5,8.4,0.531,0.521,0.7,1.1,0.598,2.3,4,6.3,1.9,1.7,0.4,1.3,2.2,11.8,29,230,1.2,80
Thon Maker,20,MIL,74,12,16.7,1.8,4.3,0.411,0.4,1.4,0.298,1.3,2.9,0.467,0.46,0.9,1.3,0.699,1,2,3,0.6,0.5,0.7,0.6,2.2,4.8,21,223,16.3,85
Tim Frazier,27,WAS,59,11,14.2,1.2,2.9,0.395,0.3,0.9,0.304,0.9,2,0.44,0.445,0.4,0.5,0.767,0.3,1.6,1.9,3.3,0.8,0.1,1,1.6,3,27,170,-28.6,73
Tomas Satoransky,26,WAS,73,30,22.5,2.8,5.3,0.523,0.6,1.4,0.465,2.1,3.9,0.544,0.585,1,1.3,0.781,1,2.2,3.2,3.9,0.7,0.2,1.1,1.8,7.2,26,210,-7.2,79
Tony Bradley,20,UTA,9,0,3.2,0.3,1.2,0.273,0,0.1,0,0.3,1.1,0.3,0.273,0.2,0.2,1,0.4,0.8,1.2,0.1,0,0,0,0.1,0.9,20,248,1.8,72
Tony Parker,35,SAS,55,21,19.5,3.2,7.1,0.459,0.2,0.7,0.27,3.1,6.4,0.479,0.472,1,1.4,0.705,0.1,1.6,1.7,3.5,0.5,0,1.2,0.9,7.7,36,185,-26,74
Tony Snell,26,MIL,75,59,27.4,2.5,5.7,0.435,1.4,3.6,0.403,1,2.1,0.49,0.562,0.5,0.6,0.792,0.1,1.8,1.9,1.3,0.6,0.4,0.5,1.5,6.9,26,221,3.5,79
Trevor Ariza,32,HOU,67,67,33.9,4,9.7,0.412,2.5,6.9,0.368,1.5,2.8,0.519,0.542,1.1,1.3,0.854,0.5,3.9,4.4,1.6,1.5,0.2,0.8,2,11.7,32,215,12.2,80
Trevor Booker,30,PHI,33,0,15,1.8,3.3,0.56,0.1,0.2,0.286,1.8,3.1,0.578,0.569,1,1.2,0.821,1.4,2.3,3.7,0.8,0.5,0.3,0.6,1.5,4.7,30,228,2.8,80
Trevor Booker,30,BRK,18,6,21.9,4.3,8.3,0.513,0.2,0.7,0.25,4.1,7.7,0.536,0.523,1.3,2.4,0.558,2.1,4.5,6.6,2.1,0.4,0.3,1.7,2.4,10.1,30,228,2.8,80
Trevor Booker,30,TOT,68,7,17,2.6,5,0.516,0.1,0.5,0.242,2.5,4.6,0.545,0.528,1,1.4,0.71,1.7,3,4.7,1.2,0.4,0.3,0.9,1.8,6.3,30,228,2.8,80
Trevor Booker,30,IND,17,1,15.8,2.3,4.9,0.464,0.2,0.8,0.214,2.1,4.1,0.514,0.482,0.6,0.6,0.909,1.9,2.6,4.5,1,0.2,0.3,0.5,1.5,5.4,30,228,2.8,80
Tristan Thompson,26,CLE,53,22,20.2,2.5,4.4,0.562,0,0,NA,2.5,4.4,0.562,0.562,0.8,1.5,0.544,2.4,4.3,6.6,0.6,0.3,0.3,0.7,1.9,5.8,27,238,-1.7,81
Tyler Johnson,25,MIA,72,39,28.5,4.3,9.9,0.435,1.7,4.5,0.367,2.6,5.4,0.491,0.518,1.5,1.8,0.822,0.5,3,3.4,2.3,0.8,0.5,1.1,2.1,11.7,26,190,-6.4,76
Tyler Zeller,28,TOT,66,34,16.8,2.8,5.1,0.56,0.2,0.4,0.357,2.7,4.6,0.578,0.575,0.9,1.2,0.722,1.7,3,4.6,0.7,0.2,0.5,0.7,1.9,6.7,28,250,-23,84
Tyler Zeller,28,MIL,24,1,16.9,2.6,4.4,0.59,0,0.1,0,2.6,4.3,0.602,0.59,0.7,0.8,0.895,2,2.7,4.6,0.8,0.3,0.6,0.5,2,5.9,28,250,-23,84
Tyler Zeller,28,BRK,42,33,16.7,3,5.5,0.546,0.2,0.6,0.385,2.7,4.8,0.567,0.568,1,1.4,0.667,1.5,3.1,4.6,0.7,0.2,0.5,0.8,1.9,7.1,28,250,-23,84
Tyus Jones,21,MIN,82,11,17.9,1.8,4,0.457,0.5,1.6,0.349,1.3,2.4,0.528,0.526,0.9,1,0.877,0.2,1.4,1.6,2.8,1.2,0.1,0.7,1.3,5.1,22,184,2.6,74
Victor Oladipo,25,IND,75,75,34,8.5,17.9,0.477,2.1,5.8,0.371,6.4,12.1,0.528,0.537,3.9,4.9,0.799,0.6,4.6,5.2,4.3,2.4,0.8,2.9,2.3,23.1,26,210,7.6,76
Wayne Ellington,30,MIA,77,2,26.5,3.7,9.1,0.407,2.9,7.5,0.392,0.8,1.6,0.479,0.569,0.9,1,0.859,0.3,2.5,2.8,1,0.7,0.1,0.7,1.2,11.2,30,200,-20.5,77
Zach Collins,20,POR,66,1,15.8,1.7,4.4,0.398,0.5,1.7,0.31,1.2,2.7,0.455,0.458,0.4,0.6,0.643,0.7,2.7,3.3,0.8,0.3,0.5,0.9,2,4.4,20,230,-20,84
Zaza Pachulia,33,GSW,69,57,14.1,2.2,3.8,0.564,0,0,0,2.2,3.8,0.567,0.564,1.1,1.3,0.806,1.3,3.4,4.7,1.6,0.6,0.2,1,1.8,5.4,34,270,47.8,73
Zhou Qi,22,HOU,18,0,6.9,0.3,1.8,0.188,0.1,1.1,0.105,0.2,0.7,0.308,0.219,0.4,0.7,0.667,0.3,0.9,1.2,0.1,0.1,0.8,0.6,0.8,1.2,22,210,-20.7,85