"Name","age","GP","Mins","3_pt_attempt","3_pt_pct","2_pt_attempt","2_pt_pct","ft_attempt","ft_pct","off_reb","def_reb","assist","steal","blocks","TO","Fouls","Weight","net_rating","height"
"Aaron Brooks",4.1405352241196,-1.08147068179649,-5.68215059891263,-1.47000072885472,NA,-3.5257163583141,NA,-1.95946487202224,NA,-2.80228467497764,-4.4541509344132,-4.01347052944723,-3.38373602608547,-3.15022872114044,-3.31703936472133,-2.6780621785241,-4.7336563785743,0.903726443609563,-2.56698675988169
"Aaron Jackson",2.71570398523138,-2.42318238450759,4.6916057119447,1.30328739706845,NA,-0.173420607872593,NA,0.0469061089055519,NA,4.381661186864,-3.30446621481521,-2.94776601439401,-4.6924868196458,-3.15022872114044,-0.833807884184978,6.52888713096113,-2.96843631070755,-1.52271715841063,-1.07400854493807
"Abdel Nader",-2.27120535087737,-0.388974319106897,-3.89971824309522,-1.10022897873163,NA,-2.99640650298123,NA,-1.36935575998466,NA,-2.40317657154199,-2.97598486635864,-4.27989665821053,-2.72936062930531,-1.74210356212065,-1.89804994727199,-2.6780621785241,0.802715652462328,-4.44435333227169,0.418969670005544
"Al Horford",2.71570398523138,0.649770224927498,3.47955170998886,0.471300959291502,NA,1.85560050423674,NA,-0.307159358317,NA,1.98701256625012,4.74332682237069,6.91000074984829,-0.76623443896481,4.59445965346844,2.00417095071371,0.29192146969694,2.0062747896442,2.11694824461966,-2.56698675988169
"Al-Farouq Aminu",-0.133958492545045,0.519927156923199,2.90917335612729,2.13527383484541,NA,-1.49669524620476,NA,-0.897268470354587,NA,1.98701256625012,5.23604884505554,-2.41491375686739,2.50564254493602,1.07414675591895,-0.479060529822642,0.588919834519045,0.000342894341077029,-3.13209301689342,1.91194788494916
"Alec Burks",-0.846374111989153,0.3035220435827,-1.90339400457972,-0.36068547848545,NA,-0.790948772427606,NA,-0.0711157135019656,NA,-2.40317657154199,-0.512374752934389,-2.94776601439401,-0.76623443896481,-2.44616614163054,-1.18855523854731,-1.78706708405779,-0.481080760531673,1.29988050108225,0.418969670005544
"Alex Abrines",-2.27120535087737,0.779613292931797,-2.40247506420859,0.286415084229957,NA,-3.79037128598053,NA,-1.60539940479969,NA,-2.40317657154199,-2.97598486635864,-4.54632278697384,-1.42060983574498,-2.44616614163054,-3.31703936472133,-0.302075259947269,-2.40677538002267,3.0082948739332,0.418969670005544
"Amir Johnson",2.00328836578728,0.736332270263697,-2.15293453439416,-2.02465835403935,NA,-1.84956848309334,NA,-1.0152902927621,NA,3.18433687655706,-0.348134078706106,-1.34920924181417,-0.76623443896481,1.07414675591895,-1.89804994727199,2.37091002345167,1.60508841058358,2.51310230209235,1.91194788494916
"Andre Iguodala",4.85295084356371,0.3035220435827,1.23368694165892,-0.73045722860854,NA,-1.7613501738712,NA,-0.661224825539552,NA,-0.407636054363759,0.144587943978746,3.18003494716201,0.542516354595522,1.07414675591895,-0.833807884184978,-0.896071989591477,-0.400843484719548,4.27103593212739,0.418969670005544
"Andrew Wiggins",-3.69603658976558,1.0825804516085,5.15503812445722,1.39573033459923,NA,5.73720611001111,NA,2.17129891224086,NA,0.390580152507535,0.637309966663596,-0.283504726760953,2.50564254493602,1.07414675591895,1.64942359635137,0.588919834519045,-1.44392807027717,-2.90925635956503,1.41428847996795
"Ante Zizic",-4.40845220920969,-1.08147068179649,-5.39696142198184,-2.39443010416244,NA,-2.73175157531479,NA,-1.25133393757714,NA,-0.407636054363759,-3.14022554058693,-5.07917504450045,-4.03811142286564,-0.333978403100849,-3.31703936472133,-2.6780621785241,2.40746116870483,0.136177957256236,-2.06932735490048
"Anthony Davis",-2.27120535087737,0.779613292931797,5.19068677157357,-0.36068547848545,NA,10.6774314264512,NA,7.12821545335659,NA,6.37720170404224,9.17782502653434,0.515773659528962,5.12314413205668,15.1553983461169,3.42316036816306,0.885918199341149,2.6481729961412,1.00276495797773,-2.56698675988169
"Aron Baynes",2.71570398523138,1.0392994289404,-1.26171835648545,-2.11710129157013,NA,0.00301601057169725,NA,-1.13331211516962,NA,2.78522877312142,1.29427266357673,-2.6813398856307,-2.72936062930531,1.07414675591895,-0.833807884184978,2.07391165862957,3.20983392682608,0.482812757544835,-2.56698675988169
"Bam Adebayo",-5.1208678286538,0.519927156923199,-0.726988649740229,-2.30198716663167,NA,-0.349857226316882,NA,0.755037043350656,NA,3.18433687655706,1.29427266357673,-1.61563537057748,-1.42060983574498,1.07414675591895,-0.833807884184978,0.588919834519045,2.80864754776545,-1.81983270151515,-2.56698675988169
"Ben Simmons",-4.40845220920969,1.0392994289404,4.22817329943217,-2.30198716663167,NA,6.17829765612183,NA,2.64338620187093,NA,3.58344497999271,5.40028951928382,16.234915256564,6.43189492561701,3.18633449444864,7.68012862051109,2.37091002345167,0.802715652462328,-0.210456843032364,-2.56698675988169
"Bojan Bogdanovic",0.578457126899062,0.996018406272296,3.19436253305807,2.04283089731463,NA,0.532325865904566,NA,0.755037043350656,NA,-2.00406846810635,-0.0196527302495381,-1.61563537057748,-0.111859042184644,-2.44616614163054,0.23043417890203,-0.599073624769373,0.802715652462328,1.84459233010719,1.41428847996795
"Bradley Beal",-2.27120535087737,1.0825804516085,5.15503812445722,3.61436083533777,NA,5.64898780078897,NA,2.99745166909349,NA,-0.806744157799406,1.13003198934845,6.37714849232168,3.16001794171618,-0.333978403100849,4.8421497856124,0.588919834519045,-1.04274169121655,-1.9683904730674,-0.0786897349756613
"Brandon Jennings",0.578457126899062,-1.86052908982229,-2.58071829979033,-0.175799603423905,NA,-2.11422341075978,NA,-1.48737758239217,NA,-2.00406846810635,-1.82630014676066,2.6471826896354,-2.07498523252514,-1.03804098261075,0.23043417890203,-2.97506054334621,-4.01152089626518,4.24627630353534,-2.06932735490048
"Brandon Paul",-0.846374111989153,0.3035220435827,-4.57704253830583,-1.65488660391626,NA,-3.61393466753624,NA,-1.48737758239217,NA,-3.20139277841329,-3.30446621481521,-4.01347052944723,-2.07498523252514,-2.44616614163054,-2.60754465599666,-2.6780621785241,-1.60440262190142,17.1708024285817,-0.576349139956867
"Bryn Forbes",-2.27120535087737,0.996018406272296,-1.01217782667101,0.286415084229957,NA,-1.58491355542691,NA,-1.25133393757714,NA,-2.80228467497764,-2.97598486635864,-2.94776601439401,-2.07498523252514,-3.15022872114044,-2.60754465599666,-1.19307035441358,-2.40677538002267,-2.06742898743558,-1.07400854493807
"Caleb Swanigan",-5.1208678286538,-1.29787579513699,-5.2900154806328,-2.11710129157013,NA,-2.90818819375908,NA,-1.48737758239217,NA,-1.20585226123505,-2.64750351790208,-4.27989665821053,-3.38373602608547,-2.44616614163054,-1.89804994727199,-1.19307035441358,2.40746116870483,15.041474369666,1.41428847996795
"Carmelo Anthony",4.1405352241196,0.909456360936097,3.6577949455706,3.24458908521468,NA,3.26709345179106,NA,0.637015220943139,NA,-0.00852795092811208,3.10092008008785,-2.14848762810409,-0.76623443896481,1.07414675591895,0.23043417890203,2.07391165862957,1.60508841058358,-2.63690044505256,1.41428847996795
"Cedi Osman",-3.69603658976558,0.1736789755784,-3.86406959597887,-1.10022897873163,NA,-3.17284312142552,NA,-1.36935575998466,NA,-2.40317657154199,-2.15478149521723,-3.74704440068392,-2.07498523252514,-3.15022872114044,-2.60754465599666,-1.49006871923569,-0.400843484719548,0.87896681501752,1.41428847996795
"Cheick Diallo",-4.40845220920969,-0.215850228434498,-3.79277230174617,-2.39443010416244,NA,-1.58491355542691,NA,-0.77924664794707,NA,-0.00852795092811208,0.308828618207029,-4.54632278697384,-3.38373602608547,-0.333978403100849,-2.60754465599666,-0.599073624769373,0.000342894341077029,-4.81574776115233,1.91194788494916
"Chinanu Onuaku",-4.40845220920969,-2.42318238450759,0.0572815868194311,-2.39443010416244,NA,-0.173420607872593,NA,-2.3135303392448,NA,0.390580152507535,-0.0196527302495381,-2.94776601439401,-4.6924868196458,-3.15022872114044,6.26113920306175,6.52888713096113,2.0062747896442,-12.0703189386209,-2.56698675988169
"Chris Paul",3.42811960467549,0.043835907574101,3.55084900422155,3.61436083533777,NA,1.76738219501459,NA,2.17129891224086,NA,-1.20585226123505,2.93667940585957,15.4356368702741,6.43189492561701,-1.74210356212065,3.42316036816306,1.77691329380746,-3.61033451720455,2.26550601617192,-2.56698675988169
"Clint Capela",-2.98362097032148,0.736332270263697,2.01795717821858,-2.39443010416244,NA,3.44353007023534,NA,1.81723344501831,NA,9.57006653152741,7.53541828425151,-3.21419214315731,0.542516354595522,10.2269602895476,0.585181533264366,2.07391165862957,1.60508841058358,2.81021784519686,-2.56698675988169
"Corey Brewer",2.71570398523138,-0.129288183098298,-3.18674530076825,-1.65488660391626,NA,-2.46709664764836,NA,-1.25133393757714,NA,-2.00406846810635,-2.81174419213036,-3.48061827192062,0.542516354595522,-2.44616614163054,-1.89804994727199,-0.896071989591477,-2.72772448327118,-2.21598675898783,1.91194788494916
"Corey Brewer",2.71570398523138,0.649770224927498,-1.79644806323067,-1.00778604120086,NA,-2.02600510153763,NA,-0.77924664794707,NA,-1.20585226123505,-2.48326284367379,-3.21419214315731,2.50564254493602,-1.74210356212065,-1.89804994727199,0.29192146969694,-2.72772448327118,-2.21598675898783,1.91194788494916
"Corey Brewer",2.71570398523138,-1.68740499914989,2.41009229649841,1.02595858447614,NA,-0.790948772427606,NA,0.282949753720587,NA,0.789688255943182,-1.16933744984752,-2.14848762810409,9.04939651273768,-1.03804098261075,-2.25279730163432,3.85590184756219,-2.72772448327118,-2.21598675898783,1.91194788494916
"Cory Joseph",-0.846374111989153,1.0825804516085,1.83971394263684,-0.268242540954678,NA,-0.173420607872593,NA,-1.0152902927621,NA,-1.6049603646707,-0.512374752934389,2.91360881839871,1.85126714815585,-1.74210356212065,-0.479060529822642,-0.302075259947269,-2.40677538002267,1.99315010165945,-1.07400854493807
"Dakari Johnson",-3.69603658976558,-1.12475170446459,-5.93169112872707,-2.39443010416244,NA,-3.43749804909195,NA,-1.60539940479969,NA,-1.6049603646707,-3.96142891172835,-4.81274891573714,-3.38373602608547,-1.03804098261075,-4.026534073446,-2.6780621785241,2.80864754776545,30.6152807540609,3.40492609989278
"Damian Jones",-3.69603658976558,-1.81724806715419,-5.68215059891263,-2.39443010416244,NA,-3.26106143064766,NA,-1.95946487202224,NA,-2.40317657154199,-3.96142891172835,-5.34560117326375,-4.03811142286564,-1.74210356212065,-3.31703936472133,-2.6780621785241,2.0062747896442,-17.1212831713976,3.40492609989278
"Damian Lillard",-0.133958492545045,0.693051247595598,5.26198406580627,5.55566252348399,NA,4.94324132701181,NA,6.42008451891149,NA,-0.407636054363759,0.965791315120164,11.9720971963511,2.50564254493602,-0.333978403100849,5.55164449433707,-0.599073624769373,-2.00558900096205,-2.56262155927643,-1.07400854493807
"Danny Green",2.00328836578728,0.563208179591298,1.34063288300797,1.85794502225309,NA,-1.58491355542691,NA,-1.25133393757714,NA,-1.20585226123505,-0.0196527302495381,-1.34920924181417,1.19689175137569,4.59445965346844,-0.479060529822642,-0.302075259947269,-0.400843484719548,-5.36045959017727,0.418969670005544
"Dante Exum",-3.69603658976558,-1.86052908982229,-1.79644806323067,-1.1926719162624,NA,-0.261638917094737,NA,0.282949753720587,NA,-2.40317657154199,-2.31902216944551,2.6471826896354,-0.76623443896481,-1.74210356212065,0.585181533264366,-1.19307035441358,-2.40677538002267,-1.27512087249021,0.418969670005544
"Dario Saric",-2.98362097032148,0.909456360936097,2.76657876766189,2.32015970990695,NA,0.97341741201529,NA,0.873058865758174,NA,4.381661186864,2.77243873163128,1.31505204581888,-0.111859042184644,-1.03804098261075,2.35891830507605,0.885918199341149,0.241054721777452,-0.383774243176664,-2.56698675988169
"Darius Miller",-0.133958492545045,1.0825804516085,0.66330858779735,1.67305914719154,NA,-3.17284312142552,NA,-1.36935575998466,NA,-2.80228467497764,-1.99054082098894,-1.88206149934078,-2.72936062930531,-1.74210356212065,-1.89804994727199,0.588919834519045,0.401529273401702,1.49795752981859,1.41428847996795
"Darren Collison",2.00328836578728,0.519927156923199,2.6239841791965,0.37885802176073,NA,0.97341741201529,NA,0.164927931313069,NA,-1.6049603646707,-1.66205947253237,8.50855752242812,3.81439333849635,-1.74210356212065,-0.124313175460306,-0.00507689512516416,-2.8079617590833,1.57223641559472,-1.57166794991928
"David Stockton",-0.846374111989153,-2.33662033917139,-6.71596136528672,-1.47000072885472,NA,-4.58433606897983,NA,-0.77924664794707,NA,-3.60050088184893,-4.94687295709805,-5.61202730202706,-4.6924868196458,-3.15022872114044,-3.31703936472133,-2.381063813702,-4.4127072753258,3.80060298887857,-8.04124021467495
"David West",6.99019770189603,0.693051247595598,-2.90155612383747,-2.30198716663167,NA,-0.085202298650448,NA,-1.0152902927621,NA,-0.00852795092811208,-1.00509677561924,-0.549930855524259,-0.76623443896481,3.89039707395854,-0.479060529822642,-0.599073624769373,2.40746116870483,1.29988050108225,1.91194788494916
"Davis Bertans",-1.55878973143326,0.866175338267997,-2.75896153537208,0.656186834353047,NA,-3.26106143064766,NA,-1.60539940479969,NA,-2.80228467497764,-1.99054082098894,-2.94776601439401,-2.72936062930531,-0.333978403100849,-2.60754465599666,-1.78706708405779,-0.802029863780174,0.359014614584621,-2.56698675988169
"DeAndre Liggins",1.29087274634317,0.043835907574101,-3.32933988923365,-1.56244366638549,NA,-3.79037128598053,NA,-2.19550851683728,NA,-3.20139277841329,-2.97598486635864,-3.48061827192062,-0.76623443896481,-1.74210356212065,-3.31703936472133,-1.19307035441358,-0.882267139592299,-16.0566191419398,0.418969670005544
"DeAndre Liggins",1.29087274634317,-1.12475170446459,-2.2598804757432,-1.28511485379317,NA,-3.79037128598053,NA,-2.07748669442976,NA,-2.80228467497764,-2.64750351790208,-3.21419214315731,1.19689175137569,-1.03804098261075,-2.962292010359,0.588919834519045,-0.882267139592299,-16.0566191419398,0.418969670005544
"DeAndre Liggins",1.29087274634317,-1.29787579513699,-4.57704253830583,-1.83977247897781,NA,-3.79037128598053,NA,-2.3135303392448,NA,-3.20139277841329,-3.46870688904349,-3.48061827192062,-2.07498523252514,-2.44616614163054,-3.31703936472133,-3.27205890816831,-0.882267139592299,-16.0566191419398,0.418969670005544
"Dejounte Murray",-4.40845220920969,1.0392994289404,-0.12096164876231,-2.02465835403935,NA,1.67916388579245,NA,-0.189137535909483,NA,1.98701256625012,2.11547603471815,2.11433043210879,3.16001794171618,-0.333978403100849,1.64942359635137,0.29192146969694,-4.01152089626518,-1.25036124389816,-0.0786897349756613
"Delon Wright",-1.55878973143326,0.519927156923199,-0.370502178576747,-0.36068547848545,NA,-1.05560370009404,NA,-0.307159358317,NA,-0.806744157799406,-1.33357812407581,2.11433043210879,1.85126714815585,0.370084176409049,-0.479060529822642,-1.78706708405779,-2.40677538002267,0.730409043465263,-0.0786897349756613
"DeMar DeRozan",0.578457126899062,0.996018406272296,4.29947059366487,0.933515646945365,NA,7.85444553134259,NA,5.94799722928142,NA,-0.806744157799406,0.308828618207029,8.24213139366482,2.50564254493602,-1.03804098261075,3.42316036816306,0.29192146969694,0.000342894341077029,-0.829447557833434,0.916629074986749
"Derrick Favors",-0.846374111989153,0.866175338267997,2.19620041380032,-1.65488660391626,NA,2.73778359645819,NA,0.991080688165691,NA,6.77630980747788,2.608198057403,-2.14848762810409,-0.111859042184644,4.59445965346844,-0.479060529822642,0.885918199341149,3.61102030588671,2.78545821660482,-2.56698675988169
"Derrick Rose",1.29087274634317,-1.77396704448609,-0.90523188532197,-1.00778604120086,NA,1.41450895812601,NA,0.755037043350656,NA,-1.20585226123505,-2.97598486635864,-1.34920924181417,-3.38373602608547,-1.03804098261075,2.00417095071371,-2.6780621785241,-2.40677538002267,0.334254985992578,-1.07400854493807
"Derrick Rose",1.29087274634317,-1.38443784047319,-1.79644806323067,-1.28511485379317,NA,0.885199102793145,NA,-0.189137535909483,NA,-1.6049603646707,-3.46870688904349,-1.61563537057748,-2.72936062930531,-1.74210356212065,0.585181533264366,-3.56905727299042,-2.40677538002267,0.334254985992578,-1.07400854493807
"Derrick Rose",1.29087274634317,-2.07693420316279,-3.36498853634999,-1.74732954144704,NA,0.0912343197938418,NA,-1.60539940479969,NA,-2.40317657154199,-4.4541509344132,-2.41491375686739,-2.07498523252514,-3.15022872114044,-1.54330259290965,-4.75705073227883,-2.40677538002267,0.334254985992578,-1.07400854493807
"Derrick White",-2.98362097032148,-1.73068602181799,-4.86223171523662,-1.65488660391626,NA,-3.5257163583141,NA,-0.897268470354587,NA,-2.40317657154199,-2.97598486635864,-4.27989665821053,-3.38373602608547,-1.74210356212065,-2.962292010359,-3.86605563781252,-2.40677538002267,1.54747678700268,-0.576349139956867
"Domantas Sabonis",-4.40845220920969,0.736332270263697,0.948497764728136,-1.93221541650858,NA,2.82600190568033,NA,1.22712433298073,NA,5.1798773937353,4.08636412545755,-0.283504726760953,-1.42060983574498,-0.333978403100849,2.35891830507605,3.55890348274009,2.56793572032908,1.47319790122655,-2.56698675988169
"Donovan Mitchell",-4.40845220920969,0.952737383604196,4.12122735808312,4.07657552299163,NA,4.50214978090108,NA,2.17129891224086,NA,-0.806744157799406,0.144587943978746,4.24573946221524,5.12314413205668,-1.03804098261075,5.19689713997474,2.66790838827378,-0.400843484719548,0.507572386136878,-1.07400854493807
"Draymond Green",-0.133958492545045,0.563208179591298,3.87168682826869,1.02595858447614,NA,0.00301601057169725,NA,0.637015220943139,NA,0.789688255943182,5.89301154196867,13.8370800976942,4.46876873527652,6.00258481248824,5.90639184869941,2.37091002345167,0.802715652462328,4.37007444649556,0.916629074986749
"Dwyane Wade",6.27778208245192,-0.475536364443096,0.485065352215609,-1.00778604120086,NA,2.38491035956961,NA,1.10910251057321,NA,-0.407636054363759,0.144587943978746,3.71288720468863,1.19689175137569,1.77820933542885,2.71366565943838,-0.00507689512516416,0.000342894341077029,1.42367864404246,-0.576349139956867
"Dwyane Wade",6.27778208245192,-1.55756193114559,0.128578881052127,-0.545571353546995,NA,4.06105823479036,NA,0.755037043350656,NA,-1.6049603646707,-0.183893404477822,2.6471826896354,1.19689175137569,1.77820933542885,3.77790772252539,0.29192146969694,0.000342894341077029,1.42367864404246,-0.576349139956867
"Dwyane Wade",6.27778208245192,0.433365111586999,0.378119410866564,-0.822900166139312,NA,2.91422021490248,NA,0.991080688165691,NA,-0.806744157799406,-0.0196527302495381,3.44646107592532,1.19689175137569,1.77820933542885,3.06841301380072,0.29192146969694,0.000342894341077029,1.42367864404246,-0.576349139956867
"E'Twaun Moore",0.578457126899062,1.0825804516085,3.44390306287251,1.02595858447614,NA,1.14985403045958,NA,-1.36935575998466,NA,-0.806744157799406,-1.33357812407581,0.515773659528962,1.85126714815585,-2.44616614163054,-0.124313175460306,1.18291656416325,-2.32653810421055,1.59699604418676,-0.576349139956867
"Ed Davis",0.578457126899062,0.909456360936097,-1.04782647378736,-2.39443010416244,NA,-1.32025862776048,NA,-0.661224825539552,NA,5.57898549717094,3.26516075431613,-4.27989665821053,-2.07498523252514,1.77820933542885,-1.54330259290965,1.77691329380746,2.0062747896442,0.0618990714801071,-2.56698675988169
"Ekpe Udoh",2.00328836578728,0.2602410209146,-3.18674530076825,-2.39443010416244,NA,-2.90818819375908,NA,-1.25133393757714,NA,0.789688255943182,-2.81174419213036,-3.48061827192062,-0.111859042184644,5.29852223297834,-3.31703936472133,-0.302075259947269,2.0062747896442,-3.99868001761491,-2.56698675988169
"Emeka Okafor",5.56536646300782,-1.34115681780509,-2.93720477095382,-2.39443010416244,NA,-1.32025862776048,NA,-1.36935575998466,NA,3.58344497999271,-0.348134078706106,-4.81274891573714,-2.72936062930531,3.89039707395854,-2.60754465599666,-1.78706708405779,2.80864754776545,-18.9039764300247,-2.56698675988169
"Eric Bledsoe",0.578457126899062,-2.33662033917139,2.08925447245128,1.58061620966077,NA,3.3553117610132,NA,3.23349531390852,NA,0.390580152507535,-2.81174419213036,2.3807565608721,3.81439333849635,1.77820933542885,7.32538126614875,0.588919834519045,-1.2032162428408,2.90925635956503,-2.06932735490048
"Eric Bledsoe",0.578457126899062,0.606489202259398,3.44390306287251,2.13527383484541,NA,2.91422021490248,NA,2.76140802427845,NA,-0.806744157799406,0.308828618207029,7.97570526490151,8.39502111595751,1.07414675591895,5.90639184869941,2.07391165862957,-1.2032162428408,2.90925635956503,-2.06932735490048
"Eric Bledsoe",0.578457126899062,0.736332270263697,3.40825441575616,2.13527383484541,NA,2.91422021490248,NA,2.76140802427845,NA,-0.806744157799406,0.144587943978746,7.7092791361382,8.39502111595751,1.07414675591895,5.90639184869941,2.07391165862957,-1.2032162428408,2.90925635956503,-2.06932735490048
"Eric Gordon",1.29087274634317,0.519927156923199,3.33695712152346,5.74054839854553,NA,0.00301601057169725,NA,1.81723344501831,NA,-2.00406846810635,-1.49781879830409,0.249347530765658,-0.76623443896481,-0.333978403100849,2.35891830507605,-0.302075259947269,-0.400843484719548,1.22560161530612,-0.576349139956867
"Ersan Ilyasova",2.00328836578728,-1.47099988580939,0.805903176262744,0.933515646945365,NA,0.355889247460276,NA,0.0469061089055519,NA,3.98255308342835,2.93667940585957,-1.08278311305087,-0.111859042184644,-0.333978403100849,0.23043417890203,2.96490675309588,1.20390203152295,2.73593895942073,-2.56698675988169
"Ersan Ilyasova",2.00328836578728,-0.475536364443096,1.30498423589162,1.02595858447614,NA,-0.173420607872593,NA,0.0469061089055519,NA,2.78522877312142,1.29427266357673,-2.6813398856307,1.85126714815585,-0.333978403100849,-1.18855523854731,0.588919834519045,1.20390203152295,2.73593895942073,-2.56698675988169
"Ersan Ilyasova",2.00328836578728,0.519927156923199,1.16238964742623,1.02595858447614,NA,0.00301601057169725,NA,0.0469061089055519,NA,3.18433687655706,1.95123536048987,-2.14848762810409,1.19689175137569,-0.333978403100849,-0.833807884184978,1.47991492898536,1.20390203152295,2.73593895942073,-2.56698675988169
"Evan Turner",1.29087274634317,0.952737383604196,1.37628153012431,-0.822900166139312,NA,0.355889247460276,NA,-0.661224825539552,NA,-2.00406846810635,-0.512374752934389,0.249347530765658,-0.76623443896481,-0.333978403100849,0.23043417890203,0.885918199341149,0.000342894341077029,-1.64651530137085,0.916629074986749
"Fred VanVleet",-2.98362097032148,0.822894315599897,-0.655691355507533,0.74862977188382,NA,-1.32025862776048,NA,-0.77924664794707,NA,-2.40317657154199,-1.49781879830409,2.91360881839871,1.19689175137569,-1.03804098261075,-0.833807884184978,-0.302075259947269,-2.00558900096205,2.01790973025149,-2.56698675988169
"Furkan Korkmaz",-5.1208678286538,-1.86052908982229,-5.75344789314532,-1.28511485379317,NA,-3.87858959520267,NA,-1.95946487202224,NA,-3.20139277841329,-3.96142891172835,-4.81274891573714,-4.03811142286564,-2.44616614163054,-4.026534073446,-2.6780621785241,-2.40677538002267,29.8972515248917,0.916629074986749
"George Hill",2.71570398523138,0.433365111586999,1.83971394263684,0.471300959291502,NA,-0.526293844761172,NA,0.164927931313069,NA,-1.20585226123505,-1.49781879830409,1.84790430334549,1.19689175137569,-0.333978403100849,0.23043417890203,0.29192146969694,-2.56724993164693,3.13209301689342,-1.07400854493807
"George Hill",2.71570398523138,-1.42771886314129,2.16055176668397,0.563743896822275,NA,-0.526293844761172,NA,-0.307159358317,NA,-0.407636054363759,-1.99054082098894,1.84790430334549,1.19689175137569,1.07414675591895,-0.124313175460306,1.18291656416325,-2.56724993164693,3.13209301689342,-1.07400854493807
"George Hill",2.71570398523138,-0.605379432447396,1.69711935417145,0.37885802176073,NA,-0.526293844761172,NA,0.400971576128104,NA,-1.6049603646707,-1.33357812407581,1.84790430334549,1.19689175137569,-1.03804098261075,0.585181533264366,-0.302075259947269,-2.56724993164693,3.13209301689342,-1.07400854493807
"Gerald Green",3.42811960467549,-0.691941477783595,0.306822116633868,4.35390433558395,NA,-2.11422341075978,NA,-0.543203003132035,NA,-2.00406846810635,-0.183893404477822,-4.01347052944723,-0.76623443896481,-0.333978403100849,-1.54330259290965,0.885918199341149,-1.2032162428408,-1.17608235812203,0.916629074986749
"Giannis Antetokounmpo",-2.98362097032148,0.779613292931797,5.29763271292262,-0.638014291077767,NA,10.2363398803405,NA,7.71832456539418,NA,4.78076929029965,8.19238098116464,7.17642687861159,5.12314413205668,6.70664739199813,6.26113920306175,3.85590184756219,0.160817445965327,1.00276495797773,-2.06932735490048
"Goran Dragic",2.71570398523138,0.779613292931797,3.51520035710521,1.30328739706845,NA,4.50214978090108,NA,1.93525526742583,NA,-0.806744157799406,0.637309966663596,7.17642687861159,0.542516354595522,-1.74210356212065,3.42316036816306,1.77691329380746,-2.40677538002267,-0.631370529097092,-1.07400854493807
"Gorgui Dieng",0.578457126899062,0.952737383604196,-1.76079941611433,-1.65488660391626,NA,-0.967385390871896,NA,-0.77924664794707,NA,1.58790446281447,0.308828618207029,-3.21419214315731,-0.76623443896481,0.370084176409049,-1.89804994727199,0.29192146969694,2.48769844451695,1.6217556727788,-2.06932735490048
"Greg Monroe",-0.133958492545045,-1.60084295381369,0.520713999331958,-2.39443010416244,NA,2.29669205034746,NA,0.400971576128104,NA,6.37720170404224,4.08636412545755,1.04862591705557,0.542516354595522,-1.03804098261075,2.71366565943838,0.588919834519045,3.61102030588671,-3.13209301689342,-2.06932735490048
"Greg Monroe",-0.133958492545045,-1.34115681780509,-0.976529179554666,-2.39443010416244,NA,2.12025543190317,NA,0.873058865758174,NA,4.381661186864,2.11547603471815,0.515773659528962,2.50564254493602,1.77820933542885,2.00417095071371,-0.00507689512516416,3.61102030588671,-3.13209301689342,-2.06932735490048
"Greg Monroe",-0.133958492545045,-0.259131251102597,-0.51309676704214,-2.39443010416244,NA,2.12025543190317,NA,0.400971576128104,NA,4.78076929029965,2.77243873163128,0.249347530765658,1.19689175137569,0.370084176409049,2.00417095071371,0.29192146969694,3.61102030588671,-3.13209301689342,-2.06932735490048
"Greg Monroe",-0.133958492545045,-2.25005829383519,-2.15293453439416,-2.39443010416244,NA,1.23807233968172,NA,-1.36935575998466,NA,1.18879635937883,1.29427266357673,-2.94776601439401,-4.6924868196458,-3.15022872114044,-0.124313175460306,-1.19307035441358,3.61102030588671,-3.13209301689342,-2.06932735490048
"Guerschon Yabusele",-3.69603658976558,-1.03818965912839,-5.25436683351645,-1.37755779132395,NA,-3.96680790442482,NA,-1.48737758239217,NA,-1.6049603646707,-3.14022554058693,-4.27989665821053,-4.03811142286564,-1.74210356212065,-2.962292010359,-3.27205890816831,3.20983392682608,-1.34939975826633,1.41428847996795
"Hassan Whiteside",0.578457126899062,-0.129288183098298,1.23368694165892,-2.39443010416244,NA,4.85502301778966,NA,1.69921162261079,NA,9.17095842809176,8.52086232962121,-2.94776601439401,-0.111859042184644,8.81883513052783,1.64942359635137,1.77691329380746,3.61102030588671,-2.88449673097299,3.40492609989278
"Ian Clark",-0.846374111989153,0.736332270263697,-0.762637296856578,0.00908627163764,NA,-0.967385390871896,NA,-1.36935575998466,NA,-3.20139277841329,-2.31902216944551,-1.61563537057748,-2.07498523252514,-2.44616614163054,-1.54330259290965,-0.599073624769373,-3.61033451720455,-0.829447557833434,-1.07400854493807
"Ian Mahinmi",2.71570398523138,0.866175338267997,-2.47377235844129,-2.39443010416244,NA,-1.7613501738712,NA,-0.307159358317,NA,3.58344497999271,-1.16933744984752,-3.74704440068392,-1.42060983574498,0.370084176409049,0.23043417890203,3.55890348274009,3.37030847845033,1.67127492996289,-2.06932735490048
"Jabari Parker",-3.69603658976558,-1.12475170446459,0.770254529146395,0.00908627163764,NA,2.5613469780139,NA,-0.307159358317,NA,1.98701256625012,0.80155064089188,-0.549930855524259,0.542516354595522,-1.03804098261075,0.939928887626702,-0.599073624769373,2.40746116870483,0.136177957256236,1.41428847996795
"Jae Crowder",-0.133958492545045,-1.29787579513699,2.05360582533493,2.78237439756081,NA,0.0912343197938418,NA,0.164927931313069,NA,-0.806744157799406,0.144587943978746,-1.61563537057748,1.19689175137569,-1.03804098261075,-0.124313175460306,1.47991492898536,1.20390203152295,-1.20084198671408,0.418969670005544
"Jae Crowder",-0.133958492545045,-0.172569205766398,1.26933558877527,0.933515646945365,NA,-1.49669524620476,NA,-0.307159358317,NA,-0.407636054363759,-0.840856101390956,-2.6813398856307,0.542516354595522,-1.74210356212065,-1.54330259290965,1.47991492898536,1.20390203152295,-1.20084198671408,0.418969670005544
"Jae Crowder",-0.133958492545045,0.996018406272296,1.51887611858971,1.58061620966077,NA,-0.967385390871896,NA,-0.0711157135019656,NA,-0.806744157799406,-0.512374752934389,-2.41491375686739,0.542516354595522,-1.03804098261075,-1.18855523854731,1.47991492898536,1.20390203152295,-1.20084198671408,0.418969670005544
"Jake Layman",-2.98362097032148,-0.951627613792194,-6.14558301142515,-1.83977247897781,NA,-3.87858959520267,NA,-2.19550851683728,NA,-3.20139277841329,-4.4541509344132,-4.81274891573714,-3.38373602608547,-2.44616614163054,-4.026534073446,-4.16305400263463,-0.802029863780174,15.041474369666,1.91194788494916
"Jakob Poeltl",-3.69603658976558,1.0825804516085,-1.15477241513641,-2.39443010416244,NA,-0.438075535539027,NA,-0.897268470354587,NA,4.381661186864,-0.348134078706106,-3.74704440068392,-1.42060983574498,5.29852223297834,-0.833807884184978,2.37091002345167,0.802715652462328,-1.4484382726345,3.40492609989278
"Jamal Crawford",6.99019770189603,0.996018406272296,-0.406150825693096,1.21084445953768,NA,0.179452629015987,NA,-0.661224825539552,NA,-2.40317657154199,-3.30446621481521,0.515773659528962,-1.42060983574498,-2.44616614163054,-0.124313175460306,-2.08406544887989,-2.8079617590833,-0.136177957256235,-0.0786897349756613
"James Harden",0.578457126899062,0.649770224927498,4.83420030041009,6.8498636489148,NA,4.32571316245679,NA,9.60667372391446,NA,-1.20585226123505,2.93667940585957,17.8334720291438,7.08627032239718,1.77820933542885,11.2276021641345,1.47991492898536,0.000342894341077029,3.20637190266955,-0.0786897349756613
"James Johnson",2.00328836578728,0.693051247595598,1.69711935417145,-0.0833566658931326,NA,0.620544175126711,NA,0.282949753720587,NA,-0.407636054363759,1.78699468626158,4.51216559097854,1.85126714815585,1.77820933542885,2.35891830507605,2.37091002345167,1.60508841058358,-1.47319790122655,1.41428847996795
"Jason Smith",2.71570398523138,-1.03818965912839,-4.71963712677123,-1.47000072885472,NA,-2.37887833842621,NA,-1.60539940479969,NA,-1.6049603646707,-3.14022554058693,-4.54632278697384,-4.03811142286564,-0.333978403100849,-2.60754465599666,-1.49006871923569,1.60508841058358,-7.1679124773964,3.40492609989278
"Jason Terry",9.12744456022835,-0.259131251102597,-2.08163724016146,-0.268242540954678,NA,-3.87858959520267,NA,-2.07748669442976,NA,-3.20139277841329,-3.63294756327178,-2.41491375686739,0.542516354595522,-1.03804098261075,-2.60754465599666,-2.381063813702,-2.8079617590833,-0.70564941487322,-1.57166794991928
"JaVale McGee",2.00328836578728,0.346803066250799,-4.39879930272409,-2.30198716663167,NA,-1.67313186464905,NA,-1.36935575998466,NA,-0.00852795092811208,-2.15478149521723,-4.27989665821053,-2.72936062930531,3.18633449444864,-2.962292010359,-1.19307035441358,4.01220668494733,2.90925635956503,3.40492609989278
"Jaylen Brown",-4.40845220920969,0.563208179591298,3.15871388594172,1.67305914719154,NA,1.67916388579245,NA,1.58118980020328,NA,-0.00852795092811208,1.6227540120333,-1.34920924181417,1.85126714815585,-0.333978403100849,2.00417095071371,2.37091002345167,0.401529273401702,1.6217556727788,0.916629074986749
"Jayson Tatum",-5.83328344809791,0.996018406272296,3.08741659170903,0.37885802176073,NA,1.94381881345888,NA,1.46316797779576,NA,-1.20585226123505,2.27971670894643,-1.34920924181417,1.85126714815585,1.77820933542885,0.585181533264366,0.885918199341149,-1.2032162428408,2.21598675898783,1.41428847996795
"Jeff Green",2.71570398523138,0.909456360936097,0.556362646448305,-0.36068547848545,NA,0.444107556682421,NA,1.22712433298073,NA,-0.407636054363759,-1.00509677561924,-2.14848762810409,-1.42060983574498,-0.333978403100849,-0.833807884184978,0.29192146969694,1.20390203152295,-0.185697214440321,1.91194788494916
"Jeff Teague",1.29087274634317,0.563208179591298,3.97863276961773,0.656186834353047,NA,2.5613469780139,NA,1.69921162261079,NA,-2.40317657154199,-0.676615427162673,13.0378017114043,5.12314413205668,-1.03804098261075,4.48740243125006,1.77691329380746,-2.4870126558348,-2.76069858801277,-1.57166794991928
"Jerami Grant",-2.98362097032148,1.0392994289404,-0.548745414158488,-1.10022897873163,NA,-0.790948772427606,NA,1.22712433298073,NA,0.789688255943182,-0.183893404477822,-3.74704440068392,-2.07498523252514,3.89039707395854,-1.89804994727199,0.29192146969694,0.000342894341077029,3.10733338830137,1.91194788494916
"Jerryd Bayless",1.29087274634317,-0.778503523119795,0.66330858779735,1.02595858447614,NA,-1.93778679231549,NA,-1.0152902927621,NA,-2.00406846810635,-2.15478149521723,-1.88206149934078,-0.76623443896481,-1.74210356212065,-0.124313175460306,1.47991492898536,-1.60440262190142,3.45396818858997,-1.07400854493807
"Jimmy Butler",0.578457126899062,0.0871169302422008,5.29763271292262,0.74862977188382,NA,6.17829765612183,NA,6.18404087409646,NA,1.58790446281447,1.6227540120333,7.4428530073749,8.39502111595751,-0.333978403100849,2.00417095071371,-1.49006871923569,1.28413930733508,0.433293500360749,1.41428847996795
"Joe Ingles",2.00328836578728,1.0825804516085,3.40825441575616,2.87481733509159,NA,-1.84956848309334,NA,-1.13331211516962,NA,-2.40317657154199,1.45851333780501,7.17642687861159,2.50564254493602,-1.74210356212065,2.35891830507605,1.18291656416325,0.481766549213827,1.9683904730674,1.41428847996795
"Joe Johnson",6.27778208245192,-1.08147068179649,0.0216329397030824,0.00908627163764,NA,-0.702730463205461,NA,-1.36935575998466,NA,-2.00406846810635,-0.0196527302495381,-1.88206149934078,-2.07498523252514,-1.74210356212065,-0.833807884184978,-2.381063813702,1.60508841058358,-5.97945030497834,0.916629074986749
"Joe Johnson",6.27778208245192,-1.47099988580939,0.0572815868194311,0.101529209168413,NA,-1.7613501738712,NA,-1.25133393757714,NA,-3.20139277841329,-0.512374752934389,-1.08278311305087,-2.72936062930531,-3.15022872114044,-1.54330259290965,-0.896071989591477,1.60508841058358,-5.97945030497834,0.916629074986749
"Joe Johnson",6.27778208245192,-0.0860071604301984,0.0216329397030824,0.00908627163764,NA,-1.14382200931619,NA,-1.36935575998466,NA,-2.40317657154199,-0.183893404477822,-1.61563537057748,-2.72936062930531,-2.44616614163054,-1.18855523854731,-1.78706708405779,1.60508841058358,-5.97945030497834,0.916629074986749
"Joe Young",-1.55878973143326,-0.172569205766398,-4.04231283156061,-1.28511485379317,NA,-2.5553149568705,NA,-1.72342122720721,NA,-2.80228467497764,-3.30446621481521,-3.74704440068392,-2.72936062930531,-3.15022872114044,-2.60754465599666,-3.27205890816831,-2.8079617590833,24.7967680349309,-1.57166794991928
"Joel Embiid",-2.98362097032148,0.2602410209146,3.01611929747633,0.74862977188382,NA,7.23691736678757,NA,6.42008451891149,NA,5.57898549717094,9.34206570076263,2.91360881839871,-0.76623443896481,9.52289771003773,8.7443706835981,4.4498985772064,2.40746116870483,2.315025273356,3.40492609989278
"Joffrey Lauvergne",-0.846374111989153,-0.0860071604301984,-4.3275020084914,-2.30198716663167,NA,-1.58491355542691,NA,-1.25133393757714,NA,0.789688255943182,-1.66205947253237,-3.74704440068392,-3.38373602608547,-2.44616614163054,-2.25279730163432,-2.97506054334621,3.20983392682608,7.21743173458048,-2.06932735490048
"John Henson",-0.133958492545045,0.822894315599897,1.44757882435701,-2.30198716663167,NA,1.14985403045958,NA,0.164927931313069,NA,4.381661186864,2.93667940585957,-1.61563537057748,-0.76623443896481,6.70664739199813,-0.479060529822642,2.66790838827378,0.722478376650203,1.64651530137085,-2.06932735490048
"John Wall",-0.133958492545045,-0.691941477783595,4.47771382924661,1.39573033459923,NA,6.17829765612183,NA,4.64975718279873,NA,-1.6049603646707,0.144587943978746,19.9648810592502,4.46876873527652,4.59445965346844,9.45386539232277,0.588919834519045,-0.802029863780174,0.136177957256236,-0.576349139956867
"Jonas Jerebko",2.00328836578728,0.736332270263697,-2.3311777699759,-0.453128416016222,NA,-2.37887833842621,NA,-1.36935575998466,NA,-0.806744157799406,-0.676615427162673,-4.01347052944723,-2.72936062930531,-1.74210356212065,-2.962292010359,-0.302075259947269,0.882952928274453,-1.20084198671408,-2.56698675988169
"Jonas Valanciunas",-1.55878973143326,0.866175338267997,0.199876175284823,-1.47000072885472,NA,2.47312866879175,NA,0.873058865758174,NA,5.97809360060659,5.23604884505554,-2.6813398856307,-2.07498523252514,3.18633449444864,0.939928887626702,2.07391165862957,2.80864754776545,2.01790973025149,3.40492609989278
"Jordan Bell",-2.98362097032148,0.0005548849060012,-2.72331288825573,-2.30198716663167,NA,-1.7613501738712,NA,-1.36935575998466,NA,0.789688255943182,-0.676615427162673,-0.816356984287563,-0.76623443896481,3.89039707395854,-1.18855523854731,-0.599073624769373,0.321291997589577,0.111418328664193,1.91194788494916
"Jordan Clarkson",-1.55878973143326,-1.25459477246889,0.271173469517521,1.21084445953768,NA,1.06163572123744,NA,0.164927931313069,NA,-1.6049603646707,-2.31902216944551,-1.08278311305087,-0.111859042184644,-2.44616614163054,-0.479060529822642,-0.599073624769373,-2.08582627677417,-2.21598675898783,-0.0786897349756613
"Jordan Clarkson",-1.55878973143326,1.0392994289404,0.520713999331958,1.21084445953768,NA,2.38491035956961,NA,0.400971576128104,NA,-0.806744157799406,-1.66205947253237,1.58147817458218,-0.111859042184644,-2.44616614163054,1.29467624198904,-1.49006871923569,-2.08582627677417,-2.21598675898783,-0.0786897349756613
"Jordan Clarkson",-1.55878973143326,-0.172569205766398,0.66330858779735,1.30328739706845,NA,3.00243852412462,NA,0.637015220943139,NA,-0.407636054363759,-1.33357812407581,3.18003494716201,-0.111859042184644,-2.44616614163054,2.00417095071371,-1.78706708405779,-2.08582627677417,-2.21598675898783,-0.0786897349756613
"Jordan Crawford",1.29087274634317,-2.25005829383519,-4.00666418444426,0.193972146699185,NA,-2.29066002920407,NA,-2.07748669442976,NA,-2.00406846810635,-4.28991026018491,1.31505204581888,-3.38373602608547,-1.74210356212065,-0.833807884184978,-1.19307035441358,-2.00558900096205,-3.97392038902287,-0.0786897349756613
"Jose Calderon",6.27778208245192,0.0005548849060012,-2.08163724016146,-0.822900166139312,NA,-3.26106143064766,NA,-1.72342122720721,NA,-2.80228467497764,-2.97598486635864,-0.0170785979976477,-1.42060983574498,-3.15022872114044,-1.89804994727199,-1.19307035441358,-1.60440262190142,1.27512087249021,-1.07400854493807
"Josh Huestis",-0.846374111989153,0.519927156923199,-2.72331288825573,-0.822900166139312,NA,-3.70215297675839,NA,-1.95946487202224,NA,-1.20585226123505,-2.15478149521723,-4.81274891573714,-3.38373602608547,1.07414675591895,-2.962292010359,-1.78706708405779,0.802715652462328,-3.10733338830137,0.916629074986749
"Josh Richardson",-2.27120535087737,1.0392994289404,4.04993006385043,1.39573033459923,NA,1.41450895812601,NA,-0.189137535909483,NA,-0.00852795092811208,-0.512374752934389,2.11433043210879,5.12314413205668,3.18633449444864,1.64942359635137,2.07391165862957,-1.60440262190142,-2.93401598815707,0.418969670005544
"Jrue Holiday",-0.133958492545045,1.0392994289404,5.08374083022453,1.67305914719154,NA,5.1196779454561,NA,1.10910251057321,NA,-0.407636054363759,1.13003198934845,10.3735404237713,5.12314413205668,2.48227191493874,4.8421497856124,2.07391165862957,-1.2032162428408,1.52271715841063,-0.576349139956867
"Justin Anderson",-2.27120535087737,-0.821784545787895,-2.90155612383747,0.101529209168413,NA,-2.29066002920407,NA,-1.13331211516962,NA,-0.806744157799406,-1.99054082098894,-3.74704440068392,-2.07498523252514,-1.74210356212065,-2.962292010359,-1.19307035441358,0.802715652462328,2.78545821660482,0.418969670005544
"Justise Winslow",-4.40845220920969,0.476646134255099,1.01979505896083,-0.638014291077767,NA,0.0912343197938418,NA,-0.543203003132035,NA,-0.00852795092811208,2.44395738317472,0.249347530765658,0.542516354595522,0.370084176409049,-0.479060529822642,0.885918199341149,0.401529273401702,0.557091643320964,0.916629074986749
"Jusuf Nurkic",-2.98362097032148,0.952737383604196,1.62582205993875,-2.30198716663167,NA,5.9136427284554,NA,1.81723344501831,NA,5.97809360060659,5.89301154196867,-0.816356984287563,0.542516354595522,6.70664739199813,3.77790772252539,3.85590184756219,4.81457944306858,-2.24074638757987,3.40492609989278
"Karl-Anthony Towns",-3.69603658976558,1.0825804516085,4.90549759464279,0.841072709414592,NA,4.94324132701181,NA,3.46953895872356,NA,7.97363411778482,10.4917504203606,0.782199788292268,0.542516354595522,6.70664739199813,2.35891830507605,5.04389530685061,2.24698661708058,-2.26550601617192,3.40492609989278
"Kelly Olynyk",-0.846374111989153,0.822894315599897,0.556362646448305,1.02595858447614,NA,-0.438075535539027,NA,0.400971576128104,NA,1.18879635937883,2.44395738317472,1.58147817458218,0.542516354595522,0.370084176409049,2.35891830507605,3.26190511791798,2.0062747896442,0.755168672057306,3.40492609989278
"Kevin Durant",1.29087274634317,0.476646134255099,4.40641653501391,3.24458908521468,NA,5.9136427284554,NA,4.64975718279873,NA,-1.6049603646707,5.56453019351211,8.77498365119142,-0.111859042184644,9.52289771003773,6.26113920306175,0.588919834519045,1.60508841058358,3.72632410310244,1.91194788494916
"Kevin Love",1.29087274634317,0.0871169302422008,2.19620041380032,2.78237439756081,NA,1.41450895812601,NA,2.99745166909349,NA,3.18433687655706,7.37117761002323,-1.08278311305087,-0.111859042184644,-0.333978403100849,0.939928887626702,0.588919834519045,2.48769844451695,2.21598675898783,-2.56698675988169
"Kevon Looney",-4.40845220920969,0.390084088918899,-2.86590747672112,-2.30198716663167,NA,-2.11422341075978,NA,-0.897268470354587,NA,1.58790446281447,-1.66205947253237,-4.01347052944723,-1.42060983574498,2.48227191493874,-2.60754465599666,-0.599073624769373,0.000342894341077029,4.02343964620696,1.91194788494916
"Khris Middleton",-0.846374111989153,1.0825804516085,5.19068677157357,2.22771677237618,NA,4.67858639934537,NA,2.87942984668597,NA,-1.6049603646707,2.77243873163128,5.04501784850515,5.12314413205668,-1.03804098261075,3.77790772252539,4.4498985772064,1.12366475571083,1.7950730729231,1.41428847996795
"Klay Thompson",-0.133958492545045,0.693051247595598,4.44206518213026,4.1690184605224,NA,3.3553117610132,NA,-0.77924664794707,NA,-2.00406846810635,0.637309966663596,1.04862591705557,0.542516354595522,0.370084176409049,2.00417095071371,-0.599073624769373,-0.400843484719548,3.1816122740775,0.916629074986749
"Kyle Anderson",-2.27120535087737,0.736332270263697,1.7327680012878,-1.65488660391626,NA,-0.085202298650448,NA,0.0469061089055519,NA,0.789688255943182,1.95123536048987,1.58147817458218,5.77751952883685,2.48227191493874,0.23043417890203,-0.896071989591477,0.802715652462328,-1.00276495797773,1.91194788494916
"Kyle Korver",6.27778208245192,0.693051247595598,-0.0853130016459612,2.41260264743772,NA,-3.26106143064766,NA,-1.13331211516962,NA,-3.20139277841329,-1.49781879830409,-2.41491375686739,-2.07498523252514,-0.333978403100849,-1.54330259290965,-0.00507689512516416,-0.641555312155924,2.38930415913213,0.916629074986749
"Kyle Lowry",2.71570398523138,0.909456360936097,3.69344359268695,4.63123314817626,NA,-0.614512153983317,NA,1.58118980020328,NA,-0.407636054363759,2.77243873163128,12.771375582641,2.50564254493602,-1.74210356212065,3.77790772252539,2.07391165862957,-1.2032162428408,0.730409043465263,-2.56698675988169
"LaMarcus Aldridge",3.42811960467549,0.779613292931797,4.15687600519947,-1.28511485379317,NA,10.1481215711184,NA,3.94162624835362,NA,9.57006653152741,3.5936421027727,-0.283504726760953,-0.76623443896481,5.29852223297834,0.939928887626702,1.18291656416325,3.20983392682608,-2.16646750180375,-2.06932735490048
"Lance Stephenson",-0.133958492545045,1.0825804516085,0.271173469517521,0.193972146699185,NA,0.532325865904566,NA,-0.543203003132035,NA,-0.407636054363759,2.27971670894643,2.11433043210879,-0.76623443896481,-1.74210356212065,1.29467624198904,1.18291656416325,0.802715652462328,0.779928300649349,0.418969670005544
"LeBron James",4.1405352241196,1.0825804516085,5.36893000715531,2.22771677237618,NA,8.03088214978688,NA,5.35788811724383,NA,1.18879635937883,7.37117761002323,18.6327504154337,4.46876873527652,3.18633449444864,10.5181074554098,-0.599073624769373,2.40746116870483,1.39891901545042,1.41428847996795
"Lorenzo Brown",-0.133958492545045,-1.86052908982229,-4.2562047142587,-1.56244366638549,NA,-3.17284312142552,NA,-2.19550851683728,NA,-3.20139277841329,-3.30446621481521,-3.21419214315731,-2.07498523252514,-3.15022872114044,-3.67178671908367,-3.86605563781252,-2.4870126558348,-5.55853661891361,-0.0786897349756613
"Luc Mbah a Moute",2.71570398523138,0.1736789755784,1.34063288300797,0.193972146699185,NA,-2.11422341075978,NA,-0.425181180724517,NA,-2.00406846810635,-0.512374752934389,-3.21419214315731,3.16001794171618,-0.333978403100849,-0.479060529822642,-0.599073624769373,0.802715652462328,-4.93954590411254,1.41428847996795
"Lucas Nogueira",-1.55878973143326,-0.345693296438797,-4.75528577388757,-2.02465835403935,NA,-3.5257163583141,NA,-1.60539940479969,NA,-2.00406846810635,-2.64750351790208,-4.54632278697384,-1.42060983574498,3.18633449444864,-3.31703936472133,-2.381063813702,0.000342894341077029,-10.980895280571,3.40492609989278
"Luke Babbitt",0.578457126899062,-1.90381011249039,-3.79277230174617,0.841072709414592,NA,-4.40789945053554,NA,-2.3135303392448,NA,-2.80228467497764,-3.30446621481521,-4.54632278697384,-4.03811142286564,-1.74210356212065,-3.31703936472133,-3.86605563781252,0.401529273401702,-19.6962845449701,1.91194788494916
"Luke Babbitt",0.578457126899062,-0.302412273770697,-2.68766424113938,0.471300959291502,NA,-3.5257163583141,NA,-1.84144304961473,NA,-3.20139277841329,-1.99054082098894,-4.01347052944723,-3.38373602608547,-2.44616614163054,-2.962292010359,-2.08406544887989,0.401529273401702,-19.6962845449701,1.91194788494916
"Luke Babbitt",0.578457126899062,-0.865065568455994,-2.29552912285955,0.37885802176073,NA,-3.26106143064766,NA,-1.60539940479969,NA,-3.20139277841329,-1.49781879830409,-3.74704440068392,-3.38373602608547,-2.44616614163054,-2.962292010359,-1.49006871923569,0.401529273401702,-19.6962845449701,1.91194788494916
"Malcolm Brogdon",-1.55878973143326,-0.388974319106897,2.87352470901094,0.74862977188382,NA,1.67916388579245,NA,-0.189137535909483,NA,-1.6049603646707,-0.348134078706106,2.91360881839871,1.19689175137569,-1.03804098261075,0.585181533264366,2.66790838827378,-0.400843484719548,-0.507572386136878,-0.0786897349756613
"Manu Ginobili",9.12744456022835,0.346803066250799,-0.655691355507533,0.37885802176073,NA,-0.879167081649751,NA,0.0469061089055519,NA,-2.40317657154199,-1.82630014676066,1.04862591705557,-0.111859042184644,-1.74210356212065,1.29467624198904,0.29192146969694,-1.2032162428408,-0.185697214440321,0.418969670005544
"Marcin Gortat",4.1405352241196,1.0825804516085,1.23368694165892,-2.39443010416244,NA,1.41450895812601,NA,0.0469061089055519,NA,5.1798773937353,3.92212345122927,-0.816356984287563,-1.42060983574498,1.77820933542885,-0.124313175460306,0.885918199341149,1.60508841058358,0.160937585848278,-2.06932735490048
"Marco Belinelli",2.71570398523138,0.996018406272296,0.87720047049544,2.13527383484541,NA,-0.526293844761172,NA,0.0469061089055519,NA,-2.80228467497764,-2.31902216944551,-0.549930855524259,0.542516354595522,-1.74210356212065,-0.124313175460306,-2.08406544887989,-0.802029863780174,1.7950730729231,-0.0786897349756613
"Marco Belinelli",2.71570398523138,-0.215850228434498,0.520713999331958,2.04283089731463,NA,-0.526293844761172,NA,0.164927931313069,NA,-2.40317657154199,-2.15478149521723,-0.283504726760953,1.19689175137569,-2.44616614163054,-0.833807884184978,-2.97506054334621,-0.802029863780174,1.7950730729231,-0.0786897349756613
"Marco Belinelli",2.71570398523138,-1.25459477246889,1.5901734128224,2.5050455849685,NA,-0.438075535539027,NA,-0.0711157135019656,NA,-2.80228467497764,-2.31902216944551,-1.34920924181417,-0.111859042184644,-1.03804098261075,0.585181533264366,-0.00507689512516416,-0.802029863780174,1.7950730729231,-0.0786897349756613
"Marcus Georges-Hunt",-2.98362097032148,-0.648660455115496,-5.89604248161072,-2.02465835403935,NA,-3.87858959520267,NA,-1.72342122720721,NA,-2.80228467497764,-4.61839160864148,-5.07917504450045,-4.03811142286564,-3.15022872114044,-4.026534073446,-2.97506054334621,0.481766549213827,-7.44026839190887,-0.0786897349756613
"Marcus Morris",0.578457126899062,-0.129288183098298,1.76841664840414,1.58061620966077,NA,1.5909455765703,NA,1.10910251057321,NA,-0.407636054363759,2.608198057403,-2.14848762810409,-0.76623443896481,-1.74210356212065,-0.124313175460306,0.29192146969694,1.20390203152295,1.12656310093795,1.91194788494916
"Marcus Smart",-2.98362097032148,-0.129288183098298,2.87352470901094,1.85794502225309,NA,-0.261638917094737,NA,0.637015220943139,NA,-0.407636054363759,-0.512374752934389,7.17642687861159,3.81439333849635,-0.333978403100849,4.13265507688773,2.07391165862957,0.000342894341077029,1.57223641559472,-0.576349139956867
"Markelle Fultz",-5.83328344809791,-1.86052908982229,-1.33301565071815,-2.30198716663167,NA,2.38491035956961,NA,-0.543203003132035,NA,-0.407636054363759,-1.16933744984752,4.51216559097854,1.19689175137569,-1.03804098261075,-0.124313175460306,-0.599073624769373,-1.60440262190142,1.7950730729231,-0.576349139956867
"Markieff Morris",0.578457126899062,0.693051247595598,1.83971394263684,0.193972146699185,NA,1.23807233968172,NA,-0.189137535909483,NA,0.390580152507535,2.608198057403,-0.549930855524259,0.542516354595522,0.370084176409049,1.64942359635137,3.55890348274009,2.0062747896442,-1.07704384375386,-2.56698675988169
"Matthew Dellavedova",-0.133958492545045,-0.821784545787895,-1.11912376802006,-0.453128416016222,NA,-2.90818819375908,NA,-1.48737758239217,NA,-2.00406846810635,-2.81174419213036,4.51216559097854,-2.07498523252514,-3.15022872114044,0.23043417890203,-0.00507689512516416,-1.76487717352567,0.631370529097092,-0.576349139956867
"Maurice Harkless",-2.27120535087737,0.0871169302422008,-0.156610295878659,-0.545571353546995,NA,-1.93778679231549,NA,-1.13331211516962,NA,-0.407636054363759,-1.66205947253237,-3.21419214315731,0.542516354595522,1.77820933542885,-1.89804994727199,-0.302075259947269,0.000342894341077029,-1.72079418714698,1.91194788494916
"Meyers Leonard",-1.55878973143326,-1.03818965912839,-5.04047495081836,-1.65488660391626,NA,-3.17284312142552,NA,-1.95946487202224,NA,-2.00406846810635,-1.99054082098894,-4.27989665821053,-3.38373602608547,-3.15022872114044,-3.31703936472133,-2.08406544887989,2.80864754776545,13.8034929400639,3.90258550487398
"Mike Scott",1.29087274634317,0.822894315599897,-1.19042106225276,-0.453128416016222,NA,-0.349857226316882,NA,-1.13331211516962,NA,-0.806744157799406,-0.676615427162673,-2.6813398856307,-2.72936062930531,-2.44616614163054,-0.833807884184978,0.29192146969694,1.3643765831472,3.3549296742218,1.41428847996795
"Myles Turner",-4.40845220920969,0.346803066250799,2.26749770803302,-0.175799603423905,NA,1.94381881345888,NA,1.46316797779576,NA,1.98701256625012,3.26516075431613,-2.14848762810409,-0.76623443896481,9.52289771003773,0.939928887626702,3.26190511791798,2.80864754776545,3.1816122740775,-2.06932735490048
"Nemanja Bjelica",1.29087274634317,0.433365111586999,-0.477448119925792,0.101529209168413,NA,-2.11422341075978,NA,-1.48737758239217,NA,-0.407636054363759,0.473069292435312,-2.14848762810409,-0.111859042184644,-1.74210356212065,-1.54330259290965,0.885918199341149,0.802715652462328,-1.91887121588332,-2.56698675988169
"Nick Young",3.42811960467549,0.996018406272296,-1.58255618053259,1.39573033459923,NA,-2.81996988453694,NA,-1.36935575998466,NA,-2.40317657154199,-2.81174419213036,-4.27989665821053,-1.42060983574498,-2.44616614163054,-2.60754465599666,-1.49006871923569,-0.802029863780174,1.05228421516182,0.916629074986749
"Nikola Mirotic",-0.846374111989153,-1.38443784047319,1.09109235319353,3.52191789780699,NA,0.355889247460276,NA,1.46316797779576,NA,-0.806744157799406,4.25060479968584,-1.34920924181417,-0.76623443896481,0.370084176409049,-0.124313175460306,-0.00507689512516416,1.44461385895933,1.72079418714698,-2.56698675988169
"Nikola Mirotic",-0.846374111989153,-0.0860071604301984,1.91101123686954,3.61436083533777,NA,0.620544175126711,NA,0.637015220943139,NA,0.789688255943182,5.40028951928382,-1.61563537057748,0.542516354595522,1.77820933542885,-0.479060529822642,0.588919834519045,1.44461385895933,1.72079418714698,-2.56698675988169
"Nikola Mirotic",-0.846374111989153,-1.16803272713269,2.58833553208015,3.70680377286854,NA,0.885199102793145,NA,-0.0711157135019656,NA,1.98701256625012,6.22149289042524,-1.88206149934078,1.85126714815585,3.18633449444864,-0.833807884184978,0.885918199341149,1.44461385895933,1.72079418714698,-2.56698675988169
"Norman Powell",-2.27120535087737,0.563208179591298,-2.36682641709225,0.101529209168413,NA,-2.20244171998192,NA,-1.60539940479969,NA,-2.80228467497764,-2.48326284367379,-2.14848762810409,-1.42060983574498,-1.74210356212065,-1.18855523854731,-0.599073624769373,-0.400843484719548,0.309495357400535,-0.576349139956867
"OG Anunoby",-5.1208678286538,0.736332270263697,-0.655691355507533,0.101529209168413,NA,-2.81996988453694,NA,-1.36935575998466,NA,-1.20585226123505,-1.82630014676066,-3.74704440068392,-0.111859042184644,-1.74210356212065,-2.25279730163432,-0.00507689512516416,1.20390203152295,0.730409043465263,1.41428847996795
"Pascal Siakam",-2.98362097032148,1.0392994289404,-0.406150825693096,-0.915343103670085,NA,-0.614512153983317,NA,-1.0152902927621,NA,0.390580152507535,0.80155064089188,-0.283504726760953,0.542516354595522,0.370084176409049,-1.54330259290965,0.588919834519045,0.802715652462328,-0.0123798142960214,1.91194788494916
"Pat Connaughton",-1.55878973143326,1.0825804516085,-1.33301565071815,0.00908627163764,NA,-2.64353326609265,NA,-1.72342122720721,NA,-2.00406846810635,-2.48326284367379,-2.6813398856307,-2.72936062930531,-1.03804098261075,-2.60754465599666,-0.896071989591477,-0.802029863780174,-4.81574776115233,-0.0786897349756613
"Patrick Patterson",0.578457126899062,1.0825804516085,-2.2598804757432,-0.453128416016222,NA,-3.5257163583141,NA,-1.60539940479969,NA,-2.00406846810635,-1.66205947253237,-3.74704440068392,-0.76623443896481,-1.03804098261075,-2.962292010359,-2.08406544887989,0.802715652462328,-3.72632410310244,1.91194788494916
"Patty Mills",1.29087274634317,1.0825804516085,1.37628153012431,2.22771677237618,NA,-1.67313186464905,NA,-0.661224825539552,NA,-2.40317657154199,-2.31902216944551,1.84790430334549,-0.111859042184644,-2.44616614163054,0.23043417890203,-0.599073624769373,-2.8079617590833,-1.99315010165945,-2.56698675988169
"Pau Gasol",6.99019770189603,0.866175338267997,0.592011293564654,-0.915343103670085,NA,1.23807233968172,NA,0.873058865758174,NA,3.18433687655706,5.56453019351211,2.6471826896354,-2.72936062930531,3.89039707395854,0.585181533264366,-0.599073624769373,2.40746116870483,-2.43882341631622,3.40492609989278
"Paul George",-0.133958492545045,0.952737383604196,5.26198406580627,4.72367608570704,NA,3.61996668867963,NA,3.82360442594611,NA,-0.00852795092811208,2.77243873163128,3.18003494716201,8.39502111595751,0.370084176409049,5.19689713997474,3.26190511791798,0.000342894341077029,-0.309495357400535,1.91194788494916
"Quinn Cook",-2.27120535087737,-1.03818965912839,0.199876175284823,0.563743896822275,NA,-0.614512153983317,NA,-1.36935575998466,NA,-2.40317657154199,-1.33357812407581,1.58147817458218,-2.07498523252514,-3.15022872114044,-0.833807884184978,-0.00507689512516416,-3.28938541395605,3.3549296742218,-1.57166794991928
"Rajon Rondo",2.71570398523138,0.346803066250799,1.55452476570605,-0.268242540954678,NA,0.0912343197938418,NA,-1.48737758239217,NA,-1.6049603646707,0.965791315120164,16.234915256564,2.50564254493602,-1.74210356212065,3.77790772252539,-0.00507689512516416,-2.72772448327118,1.32464012967429,-2.06932735490048
"Raul Neto",-1.55878973143326,-0.691941477783595,-3.47193447769904,-1.37755779132395,NA,-2.37887833842621,NA,-1.25133393757714,NA,-2.80228467497764,-3.30446621481521,-0.816356984287563,-2.72936062930531,-2.44616614163054,-1.18855523854731,-2.6780621785241,-3.28938541395605,1.44843827263451,-2.06932735490048
"Raymond Felton",4.1405352241196,1.0825804516085,-1.86774535746337,0.193972146699185,NA,-1.14382200931619,NA,-1.72342122720721,NA,-2.40317657154199,-2.31902216944551,1.04862591705557,-0.76623443896481,-1.74210356212065,-1.18855523854731,-2.08406544887989,-1.2032162428408,0.160937585848278,-2.06932735490048
"Richaun Holmes",-2.27120535087737,-0.388974319106897,-2.2598804757432,-1.83977247897781,NA,-0.702730463205461,NA,-0.897268470354587,NA,1.18879635937883,0.308828618207029,-2.14848762810409,-2.07498523252514,1.07414675591895,-2.60754465599666,0.588919834519045,1.20390203152295,-8.03449947811789,-2.56698675988169
"Ricky Rubio",-0.133958492545045,0.866175338267997,2.65963282631285,0.841072709414592,NA,1.76738219501459,NA,1.58118980020328,NA,-1.20585226123505,1.6227540120333,8.50855752242812,5.77751952883685,-2.44616614163054,5.19689713997474,2.66790838827378,-2.40677538002267,3.13209301689342,-0.576349139956867
"Robert Covington",-0.133958492545045,0.996018406272296,3.51520035710521,3.98413258546086,NA,-1.40847693698262,NA,-0.307159358317,NA,-0.806744157799406,2.77243873163128,-0.283504726760953,6.43189492561701,3.18633449444864,1.29467624198904,3.55890348274009,0.401529273401702,0.210456843032364,1.91194788494916
"Rodney Hood",-1.55878973143326,-0.778503523119795,2.12490311956763,3.79924671039931,NA,1.94381881345888,NA,0.637015220943139,NA,-2.00406846810635,-0.840856101390956,-1.08278311305087,0.542516354595522,-1.74210356212065,1.29467624198904,-0.599073624769373,-1.12297896702867,-4.2215166749433,1.41428847996795
"Rodney Hood",-1.55878973143326,0.130397952910301,1.80406529552049,2.78237439756081,NA,1.5909455765703,NA,0.282949753720587,NA,-2.00406846810635,-1.00509677561924,-1.34920924181417,0.542516354595522,-1.74210356212065,-0.124313175460306,-0.00507689512516416,-1.12297896702867,-4.2215166749433,1.41428847996795
"Rodney Hood",-1.55878973143326,-1.55756193114559,1.23368694165892,0.74862977188382,NA,0.796980793571,NA,-0.543203003132035,NA,-2.00406846810635,-1.33357812407581,-1.88206149934078,-0.111859042184644,-1.74210356212065,-3.31703936472133,0.588919834519045,-1.12297896702867,-4.2215166749433,1.41428847996795
"Rodney McGruder",-0.846374111989153,-1.68740499914989,-1.86774535746337,-0.638014291077767,NA,-2.73175157531479,NA,-1.84144304961473,NA,-1.20585226123505,-2.97598486635864,-3.21419214315731,-2.07498523252514,-1.74210356212065,-3.67178671908367,-1.78706708405779,-1.60440262190142,-3.05781413111729,-0.576349139956867
"Royce O'Neale",-2.27120535087737,0.519927156923199,-1.83209671034702,-0.822900166139312,NA,-2.46709664764836,NA,-1.0152902927621,NA,-2.00406846810635,0.144587943978746,-1.88206149934078,-1.42060983574498,-1.74210356212065,-1.54330259290965,-0.896071989591477,0.481766549213827,-2.46358304490826,0.418969670005544
"Rudy Gay",2.71570398523138,0.0005548849060012,-0.0853130016459612,-0.453128416016222,NA,1.94381881345888,NA,0.637015220943139,NA,1.58790446281447,1.29427266357673,-2.14848762810409,0.542516354595522,1.77820933542885,0.585181533264366,-0.302075259947269,0.802715652462328,-0.978005329385691,1.41428847996795
"Rudy Gobert",-1.55878973143326,-0.0427261377620986,3.76474088691964,-2.39443010416244,NA,2.38491035956961,NA,3.94162624835362,NA,7.97363411778482,7.86389963270808,-1.88206149934078,0.542516354595522,13.0432106075872,2.35891830507605,2.66790838827378,2.0062747896442,0.383774243176664,3.90258550487398
"Russell Westbrook",1.29087274634317,0.996018406272296,5.19068677157357,1.39573033459923,NA,10.4127764987848,NA,6.06601905168894,NA,3.98255308342835,8.52086232962121,21.8298639605934,7.08627032239718,-1.03804098261075,12.6465915815838,2.07391165862957,-1.60440262190142,-1.12656310093795,-1.07400854493807
"Ryan Anderson",1.29087274634317,0.390084088918899,1.51887611858971,2.32015970990695,NA,-2.73175157531479,NA,-0.661224825539552,NA,1.98701256625012,0.965791315120164,-3.21419214315731,-2.07498523252514,-1.03804098261075,-2.25279730163432,0.29192146969694,1.60508841058358,-2.95877561674912,-2.56698675988169
"Semi Ojeleye",-2.98362097032148,0.693051247595598,-2.15293453439416,-0.822900166139312,NA,-3.79037128598053,NA,-1.60539940479969,NA,-1.6049603646707,-2.15478149521723,-4.81274891573714,-2.72936062930531,-2.44616614163054,-3.31703936472133,-1.78706708405779,1.20390203152295,-0.755168672057306,0.916629074986749
"Serge Ibaka",0.578457126899062,0.822894315599897,2.01795717821858,1.21084445953768,NA,1.06163572123744,NA,-0.425181180724517,NA,0.390580152507535,3.75788277700099,-3.48061827192062,-2.07498523252514,6.00258481248824,-0.124313175460306,2.96490675309588,1.20390203152295,1.69603455855493,-2.56698675988169
"Shabazz Muhammad",-1.55878973143326,-1.99037215782659,-4.00666418444426,-1.74732954144704,NA,0.179452629015987,NA,-0.307159358317,NA,-0.806744157799406,-1.49781879830409,-4.01347052944723,-2.07498523252514,-2.44616614163054,-4.026534073446,-3.56905727299042,0.0805801701532021,3.92440113183879,0.418969670005544
"Shabazz Muhammad",-1.55878973143326,-0.605379432447396,-4.3275020084914,-1.83977247897781,NA,-1.32025862776048,NA,-0.897268470354587,NA,-1.6049603646707,-2.97598486635864,-4.81274891573714,-3.38373602608547,-2.44616614163054,-4.026534073446,-3.27205890816831,0.0805801701532021,3.92440113183879,0.418969670005544
"Shabazz Muhammad",-1.55878973143326,-1.08147068179649,-4.43444794984044,-1.83977247897781,NA,-1.7613501738712,NA,-1.13331211516962,NA,-1.6049603646707,-3.46870688904349,-5.07917504450045,-3.38373602608547,-2.44616614163054,-3.67178671908367,-3.27205890816831,0.0805801701532021,3.92440113183879,0.418969670005544
"Shabazz Napier",-0.846374111989153,0.736332270263697,-0.406150825693096,0.286415084229957,NA,-0.879167081649751,NA,-0.0711157135019656,NA,-2.00406846810635,-1.82630014676066,-0.283504726760953,2.50564254493602,-1.74210356212065,-0.124313175460306,-2.08406544887989,-3.61033451720455,1.74555381573902,-2.06932735490048
"Shane Larkin",-1.55878973143326,-0.129288183098298,-2.65201559402303,-0.915343103670085,NA,-2.37887833842621,NA,-1.48737758239217,NA,-2.40317657154199,-2.64750351790208,-0.816356984287563,-1.42060983574498,-2.44616614163054,-2.25279730163432,-2.08406544887989,-3.61033451720455,-0.0866587000721498,-8.04124021467495
"Shaun Livingston",3.42811960467549,0.606489202259398,-2.11728588727781,-2.30198716663167,NA,-0.349857226316882,NA,-1.25133393757714,NA,-1.6049603646707,-2.64750351790208,-0.283504726760953,-1.42060983574498,-1.03804098261075,-1.54330259290965,-0.599073624769373,-2.24630082839842,3.72632410310244,0.916629074986749
"Solomon Hill",-0.846374111989153,-1.94709113515849,-2.22423182862685,-0.73045722860854,NA,-3.08462481220337,NA,-1.72342122720721,NA,-0.407636054363759,-1.16933744984752,-0.816356984287563,-0.76623443896481,-2.44616614163054,-1.54330259290965,-0.00507689512516416,0.401529273401702,0.0371394428880643,0.916629074986749
"Stephen Curry",1.29087274634317,-0.259131251102597,3.62214629845425,6.66497777385326,NA,1.67916388579245,NA,4.64975718279873,NA,-0.806744157799406,2.27971670894643,10.6399665525346,5.77751952883685,-1.74210356212065,6.26113920306175,1.18291656416325,-2.40677538002267,3.94916076043083,-1.07400854493807
"Sterling Brown",-3.69603658976558,-0.129288183098298,-2.65201559402303,-0.822900166139312,NA,-2.73175157531479,NA,-1.84144304961473,NA,-1.6049603646707,-1.49781879830409,-4.27989665821053,-0.76623443896481,-1.74210356212065,-2.60754465599666,-0.896071989591477,0.802715652462328,2.93401598815707,0.418969670005544
"Steven Adams",-2.27120535087737,0.822894315599897,3.87168682826869,-2.39443010416244,NA,3.61996668867963,NA,2.17129891224086,NA,16.754012393369,1.6227540120333,-2.41491375686739,3.16001794171618,3.89039707395854,1.64942359635137,2.96490675309588,2.80864754776545,-0.383774243176664,3.40492609989278
"T.J. McConnell",-1.55878973143326,0.822894315599897,0.199876175284823,-1.65488660391626,NA,-0.438075535539027,NA,-1.72342122720721,NA,-1.6049603646707,-0.840856101390956,5.04501784850515,3.16001794171618,-1.74210356212065,0.939928887626702,-0.599073624769373,-2.40677538002267,3.75108373169449,-1.57166794991928
"Taj Gibson",3.42811960467549,1.0825804516085,4.04993006385043,-2.02465835403935,NA,3.00243852412462,NA,0.400971576128104,NA,5.97809360060659,2.93667940585957,-2.41491375686739,0.542516354595522,1.77820933542885,-0.479060529822642,2.66790838827378,1.20390203152295,-2.01790973025149,1.91194788494916
"Tarik Black",-0.846374111989153,-0.259131251102597,-4.04231283156061,-2.2095442291009,NA,-2.5553149568705,NA,-0.897268470354587,NA,1.18879635937883,-1.66205947253237,-4.81274891573714,-2.07498523252514,1.07414675591895,-1.89804994727199,0.885918199341149,2.40746116870483,-8.77728833587918,1.91194788494916
"Terrance Ferguson",-5.83328344809791,0.1736789755784,-3.32933988923365,-0.545571353546995,NA,-3.87858959520267,NA,-2.07748669442976,NA,-2.40317657154199,-4.12566958595663,-4.81274891573714,-2.07498523252514,-1.74210356212065,-3.67178671908367,-1.19307035441358,-2.88819903489543,17.0717639142135,0.916629074986749
"Terry Rozier",-2.98362097032148,0.996018406272296,1.44757882435701,2.22771677237618,NA,-0.173420607872593,NA,-0.0711157135019656,NA,-0.407636054363759,1.45851333780501,2.11433043210879,1.85126714815585,-1.74210356212065,-0.833807884184978,-0.896071989591477,-2.40677538002267,1.39891901545042,-1.57166794991928
"Thaddeus Young",1.29087274634317,1.0392994289404,3.69344359268695,-0.36068547848545,NA,2.82600190568033,NA,-1.0152902927621,NA,5.57898549717094,1.6227540120333,-0.549930855524259,6.43189492561701,-0.333978403100849,0.23043417890203,1.18291656416325,0.802715652462328,1.20084198671408,1.41428847996795
"Thon Maker",-5.1208678286538,0.736332270263697,-1.83209671034702,-1.10022897873163,NA,-2.02600510153763,NA,-0.77924664794707,NA,0.390580152507535,-1.66205947253237,-4.01347052944723,-1.42060983574498,1.77820933542885,-2.25279730163432,1.18291656416325,0.241054721777452,4.93954590411254,3.90258550487398
"Tim Frazier",-0.133958492545045,0.0871169302422008,-2.72331288825573,-1.56244366638549,NA,-2.81996988453694,NA,-1.72342122720721,NA,-2.40317657154199,-2.31902216944551,3.18003494716201,0.542516354595522,-2.44616614163054,-0.833807884184978,-0.599073624769373,-4.01152089626518,-6.17752733371468,-2.06932735490048
"Tomas Satoransky",-0.846374111989153,0.693051247595598,0.235524822401172,-1.10022897873163,NA,-1.14382200931619,NA,-0.77924664794707,NA,0.390580152507535,-1.33357812407581,4.77859171974185,-0.111859042184644,-1.74210356212065,-0.479060529822642,-0.00507689512516416,-0.802029863780174,-0.87896681501752,0.916629074986749
"Tony Bradley",-5.1208678286538,-2.07693420316279,-6.64466407105403,-2.30198716663167,NA,-3.61393466753624,NA,-2.07748669442976,NA,-2.00406846810635,-3.63294756327178,-5.34560117326375,-4.6924868196458,-3.15022872114044,-4.38128142780834,-5.05404909710094,2.24698661708058,1.34939975826633,-2.56698675988169
"Tony Parker",5.56536646300782,-0.0860071604301984,-0.833934591089274,-1.74732954144704,NA,1.06163572123744,NA,-0.661224825539552,NA,-3.20139277841329,-2.31902216944551,3.71288720468863,-1.42060983574498,-3.15022872114044,-0.124313175460306,-2.6780621785241,-2.8079617590833,-5.53377699032157,-1.57166794991928
"Tony Snell",-0.846374111989153,0.779613292931797,1.98230853110223,0.933515646945365,NA,-2.73175157531479,NA,-1.60539940479969,NA,-3.20139277841329,-1.99054082098894,-2.14848762810409,-0.76623443896481,-0.333978403100849,-2.60754465599666,-0.896071989591477,0.0805801701532021,1.77031344433106,0.916629074986749
"Trevor Ariza",3.42811960467549,0.433365111586999,4.29947059366487,3.98413258546086,NA,-2.11422341075978,NA,-0.77924664794707,NA,-1.6049603646707,1.45851333780501,-1.34920924181417,5.12314413205668,-1.74210356212065,-1.54330259290965,0.588919834519045,-0.400843484719548,3.92440113183879,1.41428847996795
"Trevor Booker",2.00328836578728,-1.03818965912839,-2.43812371132494,-2.2095442291009,NA,-1.84956848309334,NA,-0.897268470354587,NA,1.98701256625012,-1.16933744984752,-3.48061827192062,-1.42060983574498,-1.03804098261075,-2.25279730163432,-0.896071989591477,0.642241100838078,1.59699604418676,1.41428847996795
"Trevor Booker",2.00328836578728,-1.68740499914989,0.0216329397030824,-1.74732954144704,NA,2.20847374112532,NA,0.518993398535621,NA,4.78076929029965,2.44395738317472,-0.0170785979976477,-2.07498523252514,-1.03804098261075,1.64942359635137,1.77691329380746,0.642241100838078,1.59699604418676,1.41428847996795
"Trevor Booker",2.00328836578728,0.476646134255099,-1.72515076899798,-1.93221541650858,NA,-0.526293844761172,NA,-0.661224825539552,NA,3.18433687655706,-0.0196527302495381,-2.41491375686739,-2.07498523252514,-1.03804098261075,-1.18855523854731,-0.00507689512516416,0.642241100838078,1.59699604418676,1.41428847996795
"Trevor Booker",2.00328836578728,-1.73068602181799,-2.15293453439416,-1.65488660391626,NA,-0.967385390871896,NA,-1.60539940479969,NA,3.98255308342835,-0.676615427162673,-2.94776601439401,-3.38373602608547,-1.03804098261075,-2.60754465599666,-0.896071989591477,0.642241100838078,1.59699604418676,1.41428847996795
"Tristan Thompson",-0.846374111989153,-0.172569205766398,-0.584394061274837,-2.39443010416244,NA,-0.702730463205461,NA,-0.543203003132035,NA,5.97809360060659,2.11547603471815,-4.01347052944723,-2.72936062930531,-1.03804098261075,-1.89804994727199,0.29192146969694,1.44461385895933,0.482812757544835,1.91194788494916
"Tyler Johnson",-1.55878973143326,0.649770224927498,2.37444364938206,1.76550208472232,NA,0.179452629015987,NA,-0.189137535909483,NA,-1.6049603646707,-0.0196527302495381,0.515773659528962,0.542516354595522,0.370084176409049,-0.479060529822642,0.885918199341149,-2.40677538002267,-0.680889786281177,-0.576349139956867
"Tyler Zeller",0.578457126899062,0.390084088918899,-1.79644806323067,-2.02465835403935,NA,-0.526293844761172,NA,-0.897268470354587,NA,3.18433687655706,-0.0196527302495381,-3.74704440068392,-3.38373602608547,0.370084176409049,-1.89804994727199,0.29192146969694,2.40746116870483,-4.79098813256029,3.40492609989278
"Tyler Zeller",0.578457126899062,-1.42771886314129,-1.76079941611433,-2.30198716663167,NA,-0.790948772427606,NA,-1.36935575998466,NA,4.381661186864,-0.512374752934389,-3.48061827192062,-2.72936062930531,1.07414675591895,-2.60754465599666,0.588919834519045,2.40746116870483,-4.79098813256029,3.40492609989278
"Tyler Zeller",0.578457126899062,-0.648660455115496,-1.83209671034702,-1.83977247897781,NA,-0.349857226316882,NA,-0.661224825539552,NA,2.38612066968577,0.144587943978746,-3.74704440068392,-3.38373602608547,0.370084176409049,-1.54330259290965,0.29192146969694,2.40746116870483,-4.79098813256029,3.40492609989278
"Tyus Jones",-4.40845220920969,1.0825804516085,-1.40431294495085,-0.915343103670085,NA,-2.46709664764836,NA,-1.13331211516962,NA,-2.80228467497764,-2.64750351790208,1.84790430334549,3.16001794171618,-2.44616614163054,-1.89804994727199,-1.49006871923569,-2.88819903489543,1.54747678700268,-1.57166794991928
"Victor Oladipo",-1.55878973143326,0.779613292931797,4.33511924078121,2.96726027262236,NA,6.09007934689969,NA,3.46953895872356,NA,-1.20585226123505,2.608198057403,5.84429623479507,11.0125227030782,2.48227191493874,5.90639184869941,1.47991492898536,-0.802029863780174,2.78545821660482,-0.576349139956867
"Wayne Ellington",2.00328836578728,0.866175338267997,1.6614707070551,4.53879021064549,NA,-3.17284312142552,NA,-1.13331211516962,NA,-2.40317657154199,-0.840856101390956,-2.94776601439401,-0.111859042184644,-2.44616614163054,-1.89804994727199,-1.78706708405779,-1.60440262190142,-4.17199741775921,-0.0786897349756613
"Zach Collins",-5.1208678286538,0.390084088918899,-2.15293453439416,-0.822900166139312,NA,-2.20244171998192,NA,-1.60539940479969,NA,-0.806744157799406,-0.512374752934389,-3.48061827192062,-2.72936062930531,0.370084176409049,-1.18855523854731,0.588919834519045,0.802715652462328,-4.048199274799,3.40492609989278
"Zaza Pachulia",4.1405352241196,0.519927156923199,-2.75896153537208,-2.39443010416244,NA,-1.23204031853833,NA,-0.77924664794707,NA,1.58790446281447,0.637309966663596,-1.34920924181417,-0.76623443896481,-1.74210356212065,-0.833807884184978,-0.00507689512516416,4.01220668494733,12.738828910606,-2.06932735490048
"Zhou Qi",-3.69603658976558,-1.68740499914989,-5.32566412774915,-1.37755779132395,NA,-3.96680790442482,NA,-1.48737758239217,NA,-2.40317657154199,-3.46870688904349,-5.34560117326375,-4.03811142286564,2.48227191493874,-2.25279730163432,-2.97506054334621,-0.802029863780174,-4.2215166749433,3.90258550487398
